"filename", "language", "Batch", "XML", "Lua", "Python", "comment", "blank", "total"
"c:\Program Files (x86)\Steam\steamapps\common\The Binding of Isaac Rebirth\mods\GodmodeAchieved\basementrenovator\EntitiesMod.xml", "XML", 0, -95, 0, 0, -8, -14, -117
"c:\Program Files (x86)\Steam\steamapps\common\The Binding of Isaac Rebirth\mods\GodmodeAchieved\basementrenovator\StagesMod.xml", "XML", 0, -26, 0, 0, 0, 0, -26
"c:\Program Files (x86)\Steam\steamapps\common\The Binding of Isaac Rebirth\mods\GodmodeAchieved\content\bossportraits.xml", "XML", 0, -109, 0, 0, -2, -4, -115
"c:\Program Files (x86)\Steam\steamapps\common\The Binding of Isaac Rebirth\mods\GodmodeAchieved\content\challenges.xml", "XML", 0, -6, 0, 0, -30, 0, -36
"c:\Program Files (x86)\Steam\steamapps\common\The Binding of Isaac Rebirth\mods\GodmodeAchieved\content\costumes2.xml", "XML", 0, -41, 0, 0, -3, -4, -48
"c:\Program Files (x86)\Steam\steamapps\common\The Binding of Isaac Rebirth\mods\GodmodeAchieved\content\curses.xml", "XML", 0, -8, 0, 0, 0, -1, -9
"c:\Program Files (x86)\Steam\steamapps\common\The Binding of Isaac Rebirth\mods\GodmodeAchieved\content\entities2.xml", "XML", 0, -604, 0, 0, -22, -86, -712
"c:\Program Files (x86)\Steam\steamapps\common\The Binding of Isaac Rebirth\mods\GodmodeAchieved\content\gfx\CharacterMenu.anm2", "XML", 0, -392, 0, 0, 0, -1, -393
"c:\Program Files (x86)\Steam\steamapps\common\The Binding of Isaac Rebirth\mods\GodmodeAchieved\content\gfx\CharacterMenuAlt.anm2", "XML", 0, -392, 0, 0, 0, -1, -393
"c:\Program Files (x86)\Steam\steamapps\common\The Binding of Isaac Rebirth\mods\GodmodeAchieved\content\gfx\CharacterPortraits.anm2", "XML", 0, -89, 0, 0, 0, -1, -90
"c:\Program Files (x86)\Steam\steamapps\common\The Binding of Isaac Rebirth\mods\GodmodeAchieved\content\gfx\CharacterPortraitsAlt.anm2", "XML", 0, -88, 0, 0, 0, -1, -89
"c:\Program Files (x86)\Steam\steamapps\common\The Binding of Isaac Rebirth\mods\GodmodeAchieved\content\gfx\Coop Menu.anm2", "XML", 0, -149, 0, 0, 0, -1, -150
"c:\Program Files (x86)\Steam\steamapps\common\The Binding of Isaac Rebirth\mods\GodmodeAchieved\content\gfx\Death Screen.anm2", "XML", 0, -177, 0, 0, 0, -1, -178
"c:\Program Files (x86)\Steam\steamapps\common\The Binding of Isaac Rebirth\mods\GodmodeAchieved\content\gfx\enemyportraits.anm2", "XML", 0, -129, 0, 0, 0, -1, -130
"c:\Program Files (x86)\Steam\steamapps\common\The Binding of Isaac Rebirth\mods\GodmodeAchieved\content\gfx\itemportraits.anm2", "XML", 0, -115, 0, 0, 0, -1, -116
"c:\Program Files (x86)\Steam\steamapps\common\The Binding of Isaac Rebirth\mods\GodmodeAchieved\content\gfx\ui_CardFronts.anm2", "XML", 0, -142, 0, 0, 0, -1, -143
"c:\Program Files (x86)\Steam\steamapps\common\The Binding of Isaac Rebirth\mods\GodmodeAchieved\content\gfx\ui_cardspills.anm2", "XML", 0, -289, 0, 0, 0, -1, -290
"c:\Program Files (x86)\Steam\steamapps\common\The Binding of Isaac Rebirth\mods\GodmodeAchieved\content\itempools.xml", "XML", 0, -238, 0, 0, 0, -8, -246
"c:\Program Files (x86)\Steam\steamapps\common\The Binding of Isaac Rebirth\mods\GodmodeAchieved\content\items.xml", "XML", 0, -102, 0, 0, -6, -10, -118
"c:\Program Files (x86)\Steam\steamapps\common\The Binding of Isaac Rebirth\mods\GodmodeAchieved\content\music.xml", "XML", 0, -9, 0, 0, -1, -2, -12
"c:\Program Files (x86)\Steam\steamapps\common\The Binding of Isaac Rebirth\mods\GodmodeAchieved\content\players.xml", "XML", 0, -56, 0, 0, 0, -1, -57
"c:\Program Files (x86)\Steam\steamapps\common\The Binding of Isaac Rebirth\mods\GodmodeAchieved\content\pocketitems.xml", "XML", 0, -11, 0, 0, 0, -1, -12
"c:\Program Files (x86)\Steam\steamapps\common\The Binding of Isaac Rebirth\mods\GodmodeAchieved\content\rooms\00.special rooms.lua", "Lua", 0, 0, -151175, 0, 0, -1, -151176
"c:\Program Files (x86)\Steam\steamapps\common\The Binding of Isaac Rebirth\mods\GodmodeAchieved\content\rooms\00.special rooms.xml", "XML", 0, -151175, 0, 0, 0, -1, -151176
"c:\Program Files (x86)\Steam\steamapps\common\The Binding of Isaac Rebirth\mods\GodmodeAchieved\content\rooms\01.basement.lua", "Lua", 0, 0, -17379, 0, 0, -1, -17380
"c:\Program Files (x86)\Steam\steamapps\common\The Binding of Isaac Rebirth\mods\GodmodeAchieved\content\rooms\01.basement.xml", "XML", 0, -17379, 0, 0, 0, -1, -17380
"c:\Program Files (x86)\Steam\steamapps\common\The Binding of Isaac Rebirth\mods\GodmodeAchieved\content\rooms\02.cellar.lua", "Lua", 0, 0, -10457, 0, 0, -1, -10458
"c:\Program Files (x86)\Steam\steamapps\common\The Binding of Isaac Rebirth\mods\GodmodeAchieved\content\rooms\02.cellar.xml", "XML", 0, -10457, 0, 0, 0, -1, -10458
"c:\Program Files (x86)\Steam\steamapps\common\The Binding of Isaac Rebirth\mods\GodmodeAchieved\content\rooms\03.burning basement.lua", "Lua", 0, 0, -18027, 0, 0, -1, -18028
"c:\Program Files (x86)\Steam\steamapps\common\The Binding of Isaac Rebirth\mods\GodmodeAchieved\content\rooms\03.burning basement.xml", "XML", 0, -18027, 0, 0, 0, -1, -18028
"c:\Program Files (x86)\Steam\steamapps\common\The Binding of Isaac Rebirth\mods\GodmodeAchieved\content\rooms\04.caves.lua", "Lua", 0, 0, -11654, 0, 0, -1, -11655
"c:\Program Files (x86)\Steam\steamapps\common\The Binding of Isaac Rebirth\mods\GodmodeAchieved\content\rooms\04.caves.xml", "XML", 0, -11654, 0, 0, 0, -1, -11655
"c:\Program Files (x86)\Steam\steamapps\common\The Binding of Isaac Rebirth\mods\GodmodeAchieved\content\rooms\05.catacombs.lua", "Lua", 0, 0, -11141, 0, 0, -1, -11142
"c:\Program Files (x86)\Steam\steamapps\common\The Binding of Isaac Rebirth\mods\GodmodeAchieved\content\rooms\05.catacombs.xml", "XML", 0, -11141, 0, 0, 0, -1, -11142
"c:\Program Files (x86)\Steam\steamapps\common\The Binding of Isaac Rebirth\mods\GodmodeAchieved\content\rooms\06.flooded caves.lua", "Lua", 0, 0, -10466, 0, 0, -1, -10467
"c:\Program Files (x86)\Steam\steamapps\common\The Binding of Isaac Rebirth\mods\GodmodeAchieved\content\rooms\06.flooded caves.xml", "XML", 0, -10466, 0, 0, 0, -1, -10467
"c:\Program Files (x86)\Steam\steamapps\common\The Binding of Isaac Rebirth\mods\GodmodeAchieved\content\rooms\07.depths.lua", "Lua", 0, 0, -14646, 0, 0, -1, -14647
"c:\Program Files (x86)\Steam\steamapps\common\The Binding of Isaac Rebirth\mods\GodmodeAchieved\content\rooms\07.depths.xml", "XML", 0, -14646, 0, 0, 0, -1, -14647
"c:\Program Files (x86)\Steam\steamapps\common\The Binding of Isaac Rebirth\mods\GodmodeAchieved\content\rooms\08.necropolis.lua", "Lua", 0, 0, -13989, 0, 0, -1, -13990
"c:\Program Files (x86)\Steam\steamapps\common\The Binding of Isaac Rebirth\mods\GodmodeAchieved\content\rooms\08.necropolis.xml", "XML", 0, -13989, 0, 0, 0, -1, -13990
"c:\Program Files (x86)\Steam\steamapps\common\The Binding of Isaac Rebirth\mods\GodmodeAchieved\content\rooms\09.dank depths.lua", "Lua", 0, 0, -16055, 0, 0, -1, -16056
"c:\Program Files (x86)\Steam\steamapps\common\The Binding of Isaac Rebirth\mods\GodmodeAchieved\content\rooms\09.dank depths.xml", "XML", 0, -16055, 0, 0, 0, -1, -16056
"c:\Program Files (x86)\Steam\steamapps\common\The Binding of Isaac Rebirth\mods\GodmodeAchieved\content\rooms\10.womb.lua", "Lua", 0, 0, -21295, 0, 0, -1, -21296
"c:\Program Files (x86)\Steam\steamapps\common\The Binding of Isaac Rebirth\mods\GodmodeAchieved\content\rooms\10.womb.xml", "XML", 0, -21295, 0, 0, 0, -1, -21296
"c:\Program Files (x86)\Steam\steamapps\common\The Binding of Isaac Rebirth\mods\GodmodeAchieved\content\rooms\11.utero.lua", "Lua", 0, 0, -21445, 0, 0, -1, -21446
"c:\Program Files (x86)\Steam\steamapps\common\The Binding of Isaac Rebirth\mods\GodmodeAchieved\content\rooms\11.utero.xml", "XML", 0, -21445, 0, 0, 0, -1, -21446
"c:\Program Files (x86)\Steam\steamapps\common\The Binding of Isaac Rebirth\mods\GodmodeAchieved\content\rooms\12.scarred womb.lua", "Lua", 0, 0, -22063, 0, 0, -1, -22064
"c:\Program Files (x86)\Steam\steamapps\common\The Binding of Isaac Rebirth\mods\GodmodeAchieved\content\rooms\12.scarred womb.xml", "XML", 0, -22063, 0, 0, 0, -1, -22064
"c:\Program Files (x86)\Steam\steamapps\common\The Binding of Isaac Rebirth\mods\GodmodeAchieved\content\rooms\13.blue womb.lua", "Lua", 0, 0, -6862, 0, 0, -1, -6863
"c:\Program Files (x86)\Steam\steamapps\common\The Binding of Isaac Rebirth\mods\GodmodeAchieved\content\rooms\13.blue womb.xml", "XML", 0, -6862, 0, 0, 0, -1, -6863
"c:\Program Files (x86)\Steam\steamapps\common\The Binding of Isaac Rebirth\mods\GodmodeAchieved\content\rooms\14.sheol.lua", "Lua", 0, 0, -12277, 0, 0, -1, -12278
"c:\Program Files (x86)\Steam\steamapps\common\The Binding of Isaac Rebirth\mods\GodmodeAchieved\content\rooms\14.sheol.xml", "XML", 0, -12277, 0, 0, 0, -1, -12278
"c:\Program Files (x86)\Steam\steamapps\common\The Binding of Isaac Rebirth\mods\GodmodeAchieved\content\rooms\15.cathedral.lua", "Lua", 0, 0, -7704, 0, 0, -1, -7705
"c:\Program Files (x86)\Steam\steamapps\common\The Binding of Isaac Rebirth\mods\GodmodeAchieved\content\rooms\15.cathedral.xml", "XML", 0, -7704, 0, 0, 0, -1, -7705
"c:\Program Files (x86)\Steam\steamapps\common\The Binding of Isaac Rebirth\mods\GodmodeAchieved\content\rooms\16.dark room.lua", "Lua", 0, 0, -2960, 0, 0, -1, -2961
"c:\Program Files (x86)\Steam\steamapps\common\The Binding of Isaac Rebirth\mods\GodmodeAchieved\content\rooms\16.dark room.xml", "XML", 0, -2960, 0, 0, 0, -1, -2961
"c:\Program Files (x86)\Steam\steamapps\common\The Binding of Isaac Rebirth\mods\GodmodeAchieved\content\rooms\17.chest.lua", "Lua", 0, 0, -3020, 0, 0, -1, -3021
"c:\Program Files (x86)\Steam\steamapps\common\The Binding of Isaac Rebirth\mods\GodmodeAchieved\content\rooms\17.chest.xml", "XML", 0, -3020, 0, 0, 0, -1, -3021
"c:\Program Files (x86)\Steam\steamapps\common\The Binding of Isaac Rebirth\mods\GodmodeAchieved\content\rooms\27.downpour.lua", "Lua", 0, 0, -39633, 0, 0, -1, -39634
"c:\Program Files (x86)\Steam\steamapps\common\The Binding of Isaac Rebirth\mods\GodmodeAchieved\content\rooms\27.downpour.xml", "XML", 0, -39633, 0, 0, 0, -1, -39634
"c:\Program Files (x86)\Steam\steamapps\common\The Binding of Isaac Rebirth\mods\GodmodeAchieved\content\rooms\28.dross.lua", "Lua", 0, 0, -26041, 0, 0, -1, -26042
"c:\Program Files (x86)\Steam\steamapps\common\The Binding of Isaac Rebirth\mods\GodmodeAchieved\content\rooms\28.dross.xml", "XML", 0, -26041, 0, 0, 0, -1, -26042
"c:\Program Files (x86)\Steam\steamapps\common\The Binding of Isaac Rebirth\mods\GodmodeAchieved\content\rooms\29.mines.lua", "Lua", 0, 0, -23487, 0, 0, -1, -23488
"c:\Program Files (x86)\Steam\steamapps\common\The Binding of Isaac Rebirth\mods\GodmodeAchieved\content\rooms\29.mines.xml", "XML", 0, -23487, 0, 0, 0, -1, -23488
"c:\Program Files (x86)\Steam\steamapps\common\The Binding of Isaac Rebirth\mods\GodmodeAchieved\content\rooms\30.ashpit.lua", "Lua", 0, 0, -24256, 0, 0, -1, -24257
"c:\Program Files (x86)\Steam\steamapps\common\The Binding of Isaac Rebirth\mods\GodmodeAchieved\content\rooms\30.ashpit.xml", "XML", 0, -24256, 0, 0, 0, -1, -24257
"c:\Program Files (x86)\Steam\steamapps\common\The Binding of Isaac Rebirth\mods\GodmodeAchieved\content\rooms\31.mausoleum.lua", "Lua", 0, 0, -20548, 0, 0, -1, -20549
"c:\Program Files (x86)\Steam\steamapps\common\The Binding of Isaac Rebirth\mods\GodmodeAchieved\content\rooms\31.mausoleum.xml", "XML", 0, -20548, 0, 0, 0, -1, -20549
"c:\Program Files (x86)\Steam\steamapps\common\The Binding of Isaac Rebirth\mods\GodmodeAchieved\content\rooms\32.gehenna.lua", "Lua", 0, 0, -20563, 0, 0, -1, -20564
"c:\Program Files (x86)\Steam\steamapps\common\The Binding of Isaac Rebirth\mods\GodmodeAchieved\content\rooms\32.gehenna.xml", "XML", 0, -20563, 0, 0, 0, -1, -20564
"c:\Program Files (x86)\Steam\steamapps\common\The Binding of Isaac Rebirth\mods\GodmodeAchieved\content\rooms\33.corpse.lua", "Lua", 0, 0, -21205, 0, 0, -1, -21206
"c:\Program Files (x86)\Steam\steamapps\common\The Binding of Isaac Rebirth\mods\GodmodeAchieved\content\rooms\33.corpse.xml", "XML", 0, -21205, 0, 0, 0, -1, -21206
"c:\Program Files (x86)\Steam\steamapps\common\The Binding of Isaac Rebirth\mods\GodmodeAchieved\content\rooms\greed\00.special rooms.lua", "Lua", 0, 0, -25466, 0, 0, -1, -25467
"c:\Program Files (x86)\Steam\steamapps\common\The Binding of Isaac Rebirth\mods\GodmodeAchieved\content\rooms\greed\00.special rooms.xml", "XML", 0, -25466, 0, 0, 0, -1, -25467
"c:\Program Files (x86)\Steam\steamapps\common\The Binding of Isaac Rebirth\mods\GodmodeAchieved\content\rooms\greed\01.basement.lua", "Lua", 0, 0, -839, 0, 0, -1, -840
"c:\Program Files (x86)\Steam\steamapps\common\The Binding of Isaac Rebirth\mods\GodmodeAchieved\content\rooms\greed\01.basement.xml", "XML", 0, -839, 0, 0, 0, -1, -840
"c:\Program Files (x86)\Steam\steamapps\common\The Binding of Isaac Rebirth\mods\GodmodeAchieved\content\rooms\greed\02.cellar.xml", "XML", 0, -839, 0, 0, 0, -1, -840
"c:\Program Files (x86)\Steam\steamapps\common\The Binding of Isaac Rebirth\mods\GodmodeAchieved\content\rooms\greed\03.burning basement.xml", "XML", 0, -839, 0, 0, 0, -1, -840
"c:\Program Files (x86)\Steam\steamapps\common\The Binding of Isaac Rebirth\mods\GodmodeAchieved\content\shaders.xml", "XML", 0, -149, 0, 0, 0, -18, -167
"c:\Program Files (x86)\Steam\steamapps\common\The Binding of Isaac Rebirth\mods\GodmodeAchieved\content\sounds.xml", "XML", 0, -35, 0, 0, 0, 0, -35
"c:\Program Files (x86)\Steam\steamapps\common\The Binding of Isaac Rebirth\mods\GodmodeAchieved\main.lua", "Lua", 0, 0, -1497, 0, -186, -327, -2010
"c:\Program Files (x86)\Steam\steamapps\common\The Binding of Isaac Rebirth\mods\GodmodeAchieved\metadata.xml", "XML", 0, -68, 0, 0, 0, -7, -75
"c:\Program Files (x86)\Steam\steamapps\common\The Binding of Isaac Rebirth\mods\GodmodeAchieved\resources\fxlayers_deobf.xml", "XML", 0, -409, 0, 0, -54, -1, -464
"c:\Program Files (x86)\Steam\steamapps\common\The Binding of Isaac Rebirth\mods\GodmodeAchieved\resources\gfx\0.1_hostess_cluster.anm2", "XML", 0, -69, 0, 0, 0, -1, -70
"c:\Program Files (x86)\Steam\steamapps\common\The Binding of Isaac Rebirth\mods\GodmodeAchieved\resources\gfx\006.018_rotten beggar.anm2", "XML", 0, -212, 0, 0, 0, -1, -213
"c:\Program Files (x86)\Steam\steamapps\common\The Binding of Isaac Rebirth\mods\GodmodeAchieved\resources\gfx\084.010_satan stomp.anm2", "XML", 0, -116, 0, 0, 0, -1, -117
"c:\Program Files (x86)\Steam\steamapps\common\The Binding of Isaac Rebirth\mods\GodmodeAchieved\resources\gfx\0_nerve_cluster.anm2", "XML", 0, -69, 0, 0, 0, -1, -70
"c:\Program Files (x86)\Steam\steamapps\common\The Binding of Isaac Rebirth\mods\GodmodeAchieved\resources\gfx\1000.141_smoke cloud.anm2", "XML", 0, -33, 0, 0, 0, -1, -34
"c:\Program Files (x86)\Steam\steamapps\common\The Binding of Isaac Rebirth\mods\GodmodeAchieved\resources\gfx\100_sunken.anm2", "XML", 0, -286, 0, 0, 0, -1, -287
"c:\Program Files (x86)\Steam\steamapps\common\The Binding of Isaac Rebirth\mods\GodmodeAchieved\resources\gfx\101_ludomaw.anm2", "XML", 0, -132, 0, 0, 0, -1, -133
"c:\Program Files (x86)\Steam\steamapps\common\The Binding of Isaac Rebirth\mods\GodmodeAchieved\resources\gfx\101_ludomaw_new.anm2", "XML", 0, -386, 0, 0, 0, -1, -387
"c:\Program Files (x86)\Steam\steamapps\common\The Binding of Isaac Rebirth\mods\GodmodeAchieved\resources\gfx\102.1_hostess_tendril.anm2", "XML", 0, -66, 0, 0, 0, -1, -67
"c:\Program Files (x86)\Steam\steamapps\common\The Binding of Isaac Rebirth\mods\GodmodeAchieved\resources\gfx\102_hostess.anm2", "XML", 0, -1030, 0, 0, 0, -1, -1031
"c:\Program Files (x86)\Steam\steamapps\common\The Binding of Isaac Rebirth\mods\GodmodeAchieved\resources\gfx\103_mega_cyst.anm2", "XML", 0, -175, 0, 0, 0, -1, -176
"c:\Program Files (x86)\Steam\steamapps\common\The Binding of Isaac Rebirth\mods\GodmodeAchieved\resources\gfx\104_small_furnace_guard.anm2", "XML", 0, -353, 0, 0, 0, -1, -354
"c:\Program Files (x86)\Steam\steamapps\common\The Binding of Isaac Rebirth\mods\GodmodeAchieved\resources\gfx\105_demon_priest.anm2", "XML", 0, -425, 0, 0, 0, -1, -426
"c:\Program Files (x86)\Steam\steamapps\common\The Binding of Isaac Rebirth\mods\GodmodeAchieved\resources\gfx\106_marketman.anm2", "XML", 0, -41, 0, 0, 0, -1, -42
"c:\Program Files (x86)\Steam\steamapps\common\The Binding of Isaac Rebirth\mods\GodmodeAchieved\resources\gfx\107_mimic_worm.anm2", "XML", 0, -400, 0, 0, 0, -1, -401
"c:\Program Files (x86)\Steam\steamapps\common\The Binding of Isaac Rebirth\mods\GodmodeAchieved\resources\gfx\108.2_skeletal_orb.anm2", "XML", 0, -110, 0, 0, 0, -1, -111
"c:\Program Files (x86)\Steam\steamapps\common\The Binding of Isaac Rebirth\mods\GodmodeAchieved\resources\gfx\108_callofthevoid.anm2", "XML", 0, -516, 0, 0, 0, -1, -517
"c:\Program Files (x86)\Steam\steamapps\common\The Binding of Isaac Rebirth\mods\GodmodeAchieved\resources\gfx\109.1_bubble.anm2", "XML", 0, -160, 0, 0, 0, -1, -161
"c:\Program Files (x86)\Steam\steamapps\common\The Binding of Isaac Rebirth\mods\GodmodeAchieved\resources\gfx\109.2_toxic_bubble.anm2", "XML", 0, -160, 0, 0, 0, -1, -161
"c:\Program Files (x86)\Steam\steamapps\common\The Binding of Isaac Rebirth\mods\GodmodeAchieved\resources\gfx\109_bubbly_plum.anm2", "XML", 0, -773, 0, 0, 0, -1, -774
"c:\Program Files (x86)\Steam\steamapps\common\The Binding of Isaac Rebirth\mods\GodmodeAchieved\resources\gfx\10_fetal_baby.anm2", "XML", 0, -169, 0, 0, 0, -1, -170
"c:\Program Files (x86)\Steam\steamapps\common\The Binding of Isaac Rebirth\mods\GodmodeAchieved\resources\gfx\110_megaworm.anm2", "XML", 0, -236, 0, 0, 0, -1, -237
"c:\Program Files (x86)\Steam\steamapps\common\The Binding of Isaac Rebirth\mods\GodmodeAchieved\resources\gfx\111_blight_fly.anm2", "XML", 0, -1083, 0, 0, 0, -1, -1084
"c:\Program Files (x86)\Steam\steamapps\common\The Binding of Isaac Rebirth\mods\GodmodeAchieved\resources\gfx\112_bowl_play.anm2", "XML", 0, -514, 0, 0, 0, -1, -515
"c:\Program Files (x86)\Steam\steamapps\common\The Binding of Isaac Rebirth\mods\GodmodeAchieved\resources\gfx\113.1_outbreak_spider.anm2", "XML", 0, -114, 0, 0, 0, -1, -115
"c:\Program Files (x86)\Steam\steamapps\common\The Binding of Isaac Rebirth\mods\GodmodeAchieved\resources\gfx\113_outbreak.anm2", "XML", 0, -396, 0, 0, 0, -1, -397
"c:\Program Files (x86)\Steam\steamapps\common\The Binding of Isaac Rebirth\mods\GodmodeAchieved\resources\gfx\114_bulge_bat.anm2", "XML", 0, -409, 0, 0, 0, -1, -410
"c:\Program Files (x86)\Steam\steamapps\common\The Binding of Isaac Rebirth\mods\GodmodeAchieved\resources\gfx\115_brazier.anm2", "XML", 0, -381, 0, 0, 0, -1, -382
"c:\Program Files (x86)\Steam\steamapps\common\The Binding of Isaac Rebirth\mods\GodmodeAchieved\resources\gfx\116_error.anm2", "XML", 0, -176, 0, 0, 0, -1, -177
"c:\Program Files (x86)\Steam\steamapps\common\The Binding of Isaac Rebirth\mods\GodmodeAchieved\resources\gfx\11_slammer.anm2", "XML", 0, -153, 0, 0, 0, -1, -154
"c:\Program Files (x86)\Steam\steamapps\common\The Binding of Isaac Rebirth\mods\GodmodeAchieved\resources\gfx\121_candle.anm2", "XML", 0, -275, 0, 0, 0, -1, -276
"c:\Program Files (x86)\Steam\steamapps\common\The Binding of Isaac Rebirth\mods\GodmodeAchieved\resources\gfx\121_the_ritual.anm2", "XML", 0, -989, 0, 0, 0, -1, -990
"c:\Program Files (x86)\Steam\steamapps\common\The Binding of Isaac Rebirth\mods\GodmodeAchieved\resources\gfx\122_the_sacred_soul.anm2", "XML", 0, -299, 0, 0, 0, -1, -300
"c:\Program Files (x86)\Steam\steamapps\common\The Binding of Isaac Rebirth\mods\GodmodeAchieved\resources\gfx\123_the_sacred_mind.anm2", "XML", 0, -283, 0, 0, 0, -1, -284
"c:\Program Files (x86)\Steam\steamapps\common\The Binding of Isaac Rebirth\mods\GodmodeAchieved\resources\gfx\124_the_sacred_body.anm2", "XML", 0, -281, 0, 0, 0, -1, -282
"c:\Program Files (x86)\Steam\steamapps\common\The Binding of Isaac Rebirth\mods\GodmodeAchieved\resources\gfx\125_souleater.anm2", "XML", 0, -623, 0, 0, 0, -1, -624
"c:\Program Files (x86)\Steam\steamapps\common\The Binding of Isaac Rebirth\mods\GodmodeAchieved\resources\gfx\125_the_souleater.anm2", "XML", 0, -258, 0, 0, 0, -1, -259
"c:\Program Files (x86)\Steam\steamapps\common\The Binding of Isaac Rebirth\mods\GodmodeAchieved\resources\gfx\126.1_small_furnace_guard.anm2", "XML", 0, -351, 0, 0, 0, -1, -352
"c:\Program Files (x86)\Steam\steamapps\common\The Binding of Isaac Rebirth\mods\GodmodeAchieved\resources\gfx\126_furnace_guard.anm2", "XML", 0, -201, 0, 0, 0, -1, -202
"c:\Program Files (x86)\Steam\steamapps\common\The Binding of Isaac Rebirth\mods\GodmodeAchieved\resources\gfx\127_grand_marshall.anm2", "XML", 0, -740, 0, 0, 0, -1, -741
"c:\Program Files (x86)\Steam\steamapps\common\The Binding of Isaac Rebirth\mods\GodmodeAchieved\resources\gfx\128_itbreathes.anm2", "XML", 0, -332, 0, 0, 0, -1, -333
"c:\Program Files (x86)\Steam\steamapps\common\The Binding of Isaac Rebirth\mods\GodmodeAchieved\resources\gfx\129_blooduriel.anm2", "XML", 0, -601, 0, 0, 0, -1, -602
"c:\Program Files (x86)\Steam\steamapps\common\The Binding of Isaac Rebirth\mods\GodmodeAchieved\resources\gfx\12_planter.anm2", "XML", 0, -109, 0, 0, 0, -1, -110
"c:\Program Files (x86)\Steam\steamapps\common\The Binding of Isaac Rebirth\mods\GodmodeAchieved\resources\gfx\130_bloodgabriel.anm2", "XML", 0, -763, 0, 0, 0, -1, -764
"c:\Program Files (x86)\Steam\steamapps\common\The Binding of Isaac Rebirth\mods\GodmodeAchieved\resources\gfx\131_bathemo.anm2", "XML", 0, -80, 0, 0, 0, -1, -81
"c:\Program Files (x86)\Steam\steamapps\common\The Binding of Isaac Rebirth\mods\GodmodeAchieved\resources\gfx\131_bathemo_big.anm2", "XML", 0, -234, 0, 0, 0, -1, -235
"c:\Program Files (x86)\Steam\steamapps\common\The Binding of Isaac Rebirth\mods\GodmodeAchieved\resources\gfx\131_bathemo_swarm.anm2", "XML", 0, -162, 0, 0, 0, -1, -163
"c:\Program Files (x86)\Steam\steamapps\common\The Binding of Isaac Rebirth\mods\GodmodeAchieved\resources\gfx\13_big_dipper.anm2", "XML", 0, -181, 0, 0, 0, -1, -182
"c:\Program Files (x86)\Steam\steamapps\common\The Binding of Isaac Rebirth\mods\GodmodeAchieved\resources\gfx\14_barf.anm2", "XML", 0, -109, 0, 0, 0, -1, -110
"c:\Program Files (x86)\Steam\steamapps\common\The Binding of Isaac Rebirth\mods\GodmodeAchieved\resources\gfx\14_barfer.anm2", "XML", 0, -125, 0, 0, 0, -1, -126
"c:\Program Files (x86)\Steam\steamapps\common\The Binding of Isaac Rebirth\mods\GodmodeAchieved\resources\gfx\150_adramolech.anm2", "XML", 0, -199, 0, 0, 0, -1, -200
"c:\Program Files (x86)\Steam\steamapps\common\The Binding of Isaac Rebirth\mods\GodmodeAchieved\resources\gfx\152_lucifer.anm2", "XML", 0, -215, 0, 0, 0, -1, -216
"c:\Program Files (x86)\Steam\steamapps\common\The Binding of Isaac Rebirth\mods\GodmodeAchieved\resources\gfx\153_skeletal_angel.anm2", "XML", 0, -1526, 0, 0, 0, -1, -1527
"c:\Program Files (x86)\Steam\steamapps\common\The Binding of Isaac Rebirth\mods\GodmodeAchieved\resources\gfx\153_skeletal_angel_new.anm2", "XML", 0, -2133, 0, 0, 0, -1, -2134
"c:\Program Files (x86)\Steam\steamapps\common\The Binding of Isaac Rebirth\mods\GodmodeAchieved\resources\gfx\154_skeletal_soul.anm2", "XML", 0, -585, 0, 0, 0, -1, -586
"c:\Program Files (x86)\Steam\steamapps\common\The Binding of Isaac Rebirth\mods\GodmodeAchieved\resources\gfx\15_dial.anm2", "XML", 0, -215, 0, 0, 0, -1, -216
"c:\Program Files (x86)\Steam\steamapps\common\The Binding of Isaac Rebirth\mods\GodmodeAchieved\resources\gfx\16_guarded.anm2", "XML", 0, -567, 0, 0, 0, -1, -568
"c:\Program Files (x86)\Steam\steamapps\common\The Binding of Isaac Rebirth\mods\GodmodeAchieved\resources\gfx\17_silent.anm2", "XML", 0, -154, 0, 0, 0, -1, -155
"c:\Program Files (x86)\Steam\steamapps\common\The Binding of Isaac Rebirth\mods\GodmodeAchieved\resources\gfx\18_teether.anm2", "XML", 0, -108, 0, 0, 0, -1, -109
"c:\Program Files (x86)\Steam\steamapps\common\The Binding of Isaac Rebirth\mods\GodmodeAchieved\resources\gfx\19_hover.anm2", "XML", 0, -173, 0, 0, 0, -1, -174
"c:\Program Files (x86)\Steam\steamapps\common\The Binding of Isaac Rebirth\mods\GodmodeAchieved\resources\gfx\1_guardian_angel.anm2", "XML", 0, -156, 0, 0, 0, -1, -157
"c:\Program Files (x86)\Steam\steamapps\common\The Binding of Isaac Rebirth\mods\GodmodeAchieved\resources\gfx\2.1_fright.anm2", "XML", 0, -135, 0, 0, 0, -1, -136
"c:\Program Files (x86)\Steam\steamapps\common\The Binding of Isaac Rebirth\mods\GodmodeAchieved\resources\gfx\202_ivory_portal.anm2", "XML", 0, -60, 0, 0, 0, -1, -61
"c:\Program Files (x86)\Steam\steamapps\common\The Binding of Isaac Rebirth\mods\GodmodeAchieved\resources\gfx\203_furnace_bubble.anm2", "XML", 0, -56, 0, 0, 0, -1, -57
"c:\Program Files (x86)\Steam\steamapps\common\The Binding of Isaac Rebirth\mods\GodmodeAchieved\resources\gfx\208.0_red_e_heart.anm2", "XML", 0, -202, 0, 0, 0, -1, -203
"c:\Program Files (x86)\Steam\steamapps\common\The Binding of Isaac Rebirth\mods\GodmodeAchieved\resources\gfx\208.1_blu_e_heart.anm2", "XML", 0, -185, 0, 0, 0, -1, -186
"c:\Program Files (x86)\Steam\steamapps\common\The Binding of Isaac Rebirth\mods\GodmodeAchieved\resources\gfx\208.2_bla_e_heart.anm2", "XML", 0, -185, 0, 0, 0, -1, -186
"c:\Program Files (x86)\Steam\steamapps\common\The Binding of Isaac Rebirth\mods\GodmodeAchieved\resources\gfx\208.3_gol_e_heart.anm2", "XML", 0, -185, 0, 0, 0, -1, -186
"c:\Program Files (x86)\Steam\steamapps\common\The Binding of Isaac Rebirth\mods\GodmodeAchieved\resources\gfx\208.4_ang_e_heart.anm2", "XML", 0, -185, 0, 0, 0, -1, -186
"c:\Program Files (x86)\Steam\steamapps\common\The Binding of Isaac Rebirth\mods\GodmodeAchieved\resources\gfx\208.5_bon_e_heart.anm2", "XML", 0, -210, 0, 0, 0, -1, -211
"c:\Program Files (x86)\Steam\steamapps\common\The Binding of Isaac Rebirth\mods\GodmodeAchieved\resources\gfx\20_megahost.anm2", "XML", 0, -114, 0, 0, 0, -1, -115
"c:\Program Files (x86)\Steam\steamapps\common\The Binding of Isaac Rebirth\mods\GodmodeAchieved\resources\gfx\210_crack_tell.anm2", "XML", 0, -115, 0, 0, 0, -1, -116
"c:\Program Files (x86)\Steam\steamapps\common\The Binding of Isaac Rebirth\mods\GodmodeAchieved\resources\gfx\21_megafleshhost.anm2", "XML", 0, -114, 0, 0, 0, -1, -115
"c:\Program Files (x86)\Steam\steamapps\common\The Binding of Isaac Rebirth\mods\GodmodeAchieved\resources\gfx\22_drifter.anm2", "XML", 0, -224, 0, 0, 0, -1, -225
"c:\Program Files (x86)\Steam\steamapps\common\The Binding of Isaac Rebirth\mods\GodmodeAchieved\resources\gfx\234.130_onetooth.anm2", "XML", 0, -77, 0, 0, 0, -1, -78
"c:\Program Files (x86)\Steam\steamapps\common\The Binding of Isaac Rebirth\mods\GodmodeAchieved\resources\gfx\23_chanter.anm2", "XML", 0, -306, 0, 0, 0, -1, -307
"c:\Program Files (x86)\Steam\steamapps\common\The Binding of Isaac Rebirth\mods\GodmodeAchieved\resources\gfx\24_shade.anm2", "XML", 0, -104, 0, 0, 0, -1, -105
"c:\Program Files (x86)\Steam\steamapps\common\The Binding of Isaac Rebirth\mods\GodmodeAchieved\resources\gfx\258.130_fat bat.anm2", "XML", 0, -132, 0, 0, 0, -1, -133
"c:\Program Files (x86)\Steam\steamapps\common\The Binding of Isaac Rebirth\mods\GodmodeAchieved\resources\gfx\25_paracolony.anm2", "XML", 0, -45, 0, 0, 0, -1, -46
"c:\Program Files (x86)\Steam\steamapps\common\The Binding of Isaac Rebirth\mods\GodmodeAchieved\resources\gfx\26_parabit.anm2", "XML", 0, -171, 0, 0, 0, -1, -172
"c:\Program Files (x86)\Steam\steamapps\common\The Binding of Isaac Rebirth\mods\GodmodeAchieved\resources\gfx\274.000_megasatanhead.anm2", "XML", 0, -727, 0, 0, 0, -1, -728
"c:\Program Files (x86)\Steam\steamapps\common\The Binding of Isaac Rebirth\mods\GodmodeAchieved\resources\gfx\274.001_megasatanhand.anm2", "XML", 0, -413, 0, 0, 0, -1, -414
"c:\Program Files (x86)\Steam\steamapps\common\The Binding of Isaac Rebirth\mods\GodmodeAchieved\resources\gfx\275.000_megasatan2head.anm2", "XML", 0, -592, 0, 0, 0, -1, -593
"c:\Program Files (x86)\Steam\steamapps\common\The Binding of Isaac Rebirth\mods\GodmodeAchieved\resources\gfx\275.001_megasatan2hand.anm2", "XML", 0, -313, 0, 0, 0, -1, -314
"c:\Program Files (x86)\Steam\steamapps\common\The Binding of Isaac Rebirth\mods\GodmodeAchieved\resources\gfx\27_blood_baby.anm2", "XML", 0, -176, 0, 0, 0, -1, -177
"c:\Program Files (x86)\Steam\steamapps\common\The Binding of Isaac Rebirth\mods\GodmodeAchieved\resources\gfx\28_fallen_angel.anm2", "XML", 0, -177, 0, 0, 0, -1, -178
"c:\Program Files (x86)\Steam\steamapps\common\The Binding of Isaac Rebirth\mods\GodmodeAchieved\resources\gfx\29_queen_fly.anm2", "XML", 0, -135, 0, 0, 0, -1, -136
"c:\Program Files (x86)\Steam\steamapps\common\The Binding of Isaac Rebirth\mods\GodmodeAchieved\resources\gfx\2_blind.anm2", "XML", 0, -133, 0, 0, 0, -1, -134
"c:\Program Files (x86)\Steam\steamapps\common\The Binding of Isaac Rebirth\mods\GodmodeAchieved\resources\gfx\30_godleg.anm2", "XML", 0, -199, 0, 0, 0, -1, -200
"c:\Program Files (x86)\Steam\steamapps\common\The Binding of Isaac Rebirth\mods\GodmodeAchieved\resources\gfx\31_marshall_pawn.anm2", "XML", 0, -176, 0, 0, 0, -1, -177
"c:\Program Files (x86)\Steam\steamapps\common\The Binding of Isaac Rebirth\mods\GodmodeAchieved\resources\gfx\32.1_arch_priest.anm2", "XML", 0, -305, 0, 0, 0, -1, -306
"c:\Program Files (x86)\Steam\steamapps\common\The Binding of Isaac Rebirth\mods\GodmodeAchieved\resources\gfx\32_arch_bishop.anm2", "XML", 0, -302, 0, 0, 0, -1, -303
"c:\Program Files (x86)\Steam\steamapps\common\The Binding of Isaac Rebirth\mods\GodmodeAchieved\resources\gfx\33_devil_lock.anm2", "XML", 0, -297, 0, 0, 0, -1, -298
"c:\Program Files (x86)\Steam\steamapps\common\The Binding of Isaac Rebirth\mods\GodmodeAchieved\resources\gfx\34_pooglobin.anm2", "XML", 0, -193, 0, 0, 0, -1, -194
"c:\Program Files (x86)\Steam\steamapps\common\The Binding of Isaac Rebirth\mods\GodmodeAchieved\resources\gfx\35_hexstar.anm2", "XML", 0, -160, 0, 0, 0, -1, -161
"c:\Program Files (x86)\Steam\steamapps\common\The Binding of Isaac Rebirth\mods\GodmodeAchieved\resources\gfx\36_the_id.anm2", "XML", 0, -142, 0, 0, 0, -1, -143
"c:\Program Files (x86)\Steam\steamapps\common\The Binding of Isaac Rebirth\mods\GodmodeAchieved\resources\gfx\37_gatekeeper.anm2", "XML", 0, -296, 0, 0, 0, -1, -297
"c:\Program Files (x86)\Steam\steamapps\common\The Binding of Isaac Rebirth\mods\GodmodeAchieved\resources\gfx\38_winged_spider.anm2", "XML", 0, -157, 0, 0, 0, -1, -158
"c:\Program Files (x86)\Steam\steamapps\common\The Binding of Isaac Rebirth\mods\GodmodeAchieved\resources\gfx\39_delirious_pile.anm2", "XML", 0, -155, 0, 0, 0, -1, -156
"c:\Program Files (x86)\Steam\steamapps\common\The Binding of Isaac Rebirth\mods\GodmodeAchieved\resources\gfx\3_dream.anm2", "XML", 0, -290, 0, 0, 0, -1, -291
"c:\Program Files (x86)\Steam\steamapps\common\The Binding of Isaac Rebirth\mods\GodmodeAchieved\resources\gfx\40_ludomini.anm2", "XML", 0, -157, 0, 0, 0, -1, -158
"c:\Program Files (x86)\Steam\steamapps\common\The Binding of Isaac Rebirth\mods\GodmodeAchieved\resources\gfx\41_ratty.anm2", "XML", 0, -282, 0, 0, 0, -1, -283
"c:\Program Files (x86)\Steam\steamapps\common\The Binding of Isaac Rebirth\mods\GodmodeAchieved\resources\gfx\42_infested_membrain.anm2", "XML", 0, -158, 0, 0, 0, -1, -159
"c:\Program Files (x86)\Steam\steamapps\common\The Binding of Isaac Rebirth\mods\GodmodeAchieved\resources\gfx\43_wrinkled_fatty.anm2", "XML", 0, -156, 0, 0, 0, -1, -157
"c:\Program Files (x86)\Steam\steamapps\common\The Binding of Isaac Rebirth\mods\GodmodeAchieved\resources\gfx\44.1_apple.anm2", "XML", 0, -98, 0, 0, 0, -1, -99
"c:\Program Files (x86)\Steam\steamapps\common\The Binding of Isaac Rebirth\mods\GodmodeAchieved\resources\gfx\44_vengeance.anm2", "XML", 0, -537, 0, 0, 0, -1, -538
"c:\Program Files (x86)\Steam\steamapps\common\The Binding of Isaac Rebirth\mods\GodmodeAchieved\resources\gfx\45_callen_skull.anm2", "XML", 0, -335, 0, 0, 0, -1, -336
"c:\Program Files (x86)\Steam\steamapps\common\The Binding of Isaac Rebirth\mods\GodmodeAchieved\resources\gfx\4_trailer.anm2", "XML", 0, -126, 0, 0, 0, -1, -127
"c:\Program Files (x86)\Steam\steamapps\common\The Binding of Isaac Rebirth\mods\GodmodeAchieved\resources\gfx\500_ivory_palace_decorator.anm2", "XML", 0, -430, 0, 0, 0, -1, -431
"c:\Program Files (x86)\Steam\steamapps\common\The Binding of Isaac Rebirth\mods\GodmodeAchieved\resources\gfx\5_grub.anm2", "XML", 0, -169, 0, 0, 0, -1, -170
"c:\Program Files (x86)\Steam\steamapps\common\The Binding of Isaac Rebirth\mods\GodmodeAchieved\resources\gfx\6_cluster.anm2", "XML", 0, -169, 0, 0, 0, -1, -170
"c:\Program Files (x86)\Steam\steamapps\common\The Binding of Isaac Rebirth\mods\GodmodeAchieved\resources\gfx\7_harf.anm2", "XML", 0, -84, 0, 0, 0, -1, -85
"c:\Program Files (x86)\Steam\steamapps\common\The Binding of Isaac Rebirth\mods\GodmodeAchieved\resources\gfx\881.000_needle.anm2", "XML", 0, -232, 0, 0, 0, -1, -233
"c:\Program Files (x86)\Steam\steamapps\common\The Binding of Isaac Rebirth\mods\GodmodeAchieved\resources\gfx\881.001_pasty.anm2", "XML", 0, -228, 0, 0, 0, -1, -229
"c:\Program Files (x86)\Steam\steamapps\common\The Binding of Isaac Rebirth\mods\GodmodeAchieved\resources\gfx\8_purple_mask.anm2", "XML", 0, -108, 0, 0, 0, -1, -109
"c:\Program Files (x86)\Steam\steamapps\common\The Binding of Isaac Rebirth\mods\GodmodeAchieved\resources\gfx\9_headlicker.anm2", "XML", 0, -127, 0, 0, 0, -1, -128
"c:\Program Files (x86)\Steam\steamapps\common\The Binding of Isaac Rebirth\mods\GodmodeAchieved\resources\gfx\9_mum.anm2", "XML", 0, -145, 0, 0, 0, -1, -146
"c:\Program Files (x86)\Steam\steamapps\common\The Binding of Isaac Rebirth\mods\GodmodeAchieved\resources\gfx\achievements\achievements.anm2", "XML", 0, -244, 0, 0, 0, -1, -245
"c:\Program Files (x86)\Steam\steamapps\common\The Binding of Isaac Rebirth\mods\GodmodeAchieved\resources\gfx\achievements\unlocks.anm2", "XML", 0, -666, 0, 0, 0, -1, -667
"c:\Program Files (x86)\Steam\steamapps\common\The Binding of Isaac Rebirth\mods\GodmodeAchieved\resources\gfx\alt_death horse.anm2", "XML", 0, -57, 0, 0, 0, -1, -58
"c:\Program Files (x86)\Steam\steamapps\common\The Binding of Isaac Rebirth\mods\GodmodeAchieved\resources\gfx\alt_death without horse.anm2", "XML", 0, -187, 0, 0, 0, -1, -188
"c:\Program Files (x86)\Steam\steamapps\common\The Binding of Isaac Rebirth\mods\GodmodeAchieved\resources\gfx\alt_death.anm2", "XML", 0, -391, 0, 0, 0, -1, -392
"c:\Program Files (x86)\Steam\steamapps\common\The Binding of Isaac Rebirth\mods\GodmodeAchieved\resources\gfx\alt_famine.anm2", "XML", 0, -395, 0, 0, 0, -1, -396
"c:\Program Files (x86)\Steam\steamapps\common\The Binding of Isaac Rebirth\mods\GodmodeAchieved\resources\gfx\alt_pestilence.anm2", "XML", 0, -376, 0, 0, 0, -1, -377
"c:\Program Files (x86)\Steam\steamapps\common\The Binding of Isaac Rebirth\mods\GodmodeAchieved\resources\gfx\alt_war without horse.anm2", "XML", 0, -174, 0, 0, 0, -1, -175
"c:\Program Files (x86)\Steam\steamapps\common\The Binding of Isaac Rebirth\mods\GodmodeAchieved\resources\gfx\alt_war.anm2", "XML", 0, -380, 0, 0, 0, -1, -381
"c:\Program Files (x86)\Steam\steamapps\common\The Binding of Isaac Rebirth\mods\GodmodeAchieved\resources\gfx\anim_lucifertransition.anm2", "XML", 0, -43, 0, 0, 0, -1, -44
"c:\Program Files (x86)\Steam\steamapps\common\The Binding of Isaac Rebirth\mods\GodmodeAchieved\resources\gfx\anim_rewind.anm2", "XML", 0, -48, 0, 0, 0, -1, -49
"c:\Program Files (x86)\Steam\steamapps\common\The Binding of Isaac Rebirth\mods\GodmodeAchieved\resources\gfx\backdrop\Backdrop.anm2", "XML", 0, -709, 0, 0, 0, -1, -710
"c:\Program Files (x86)\Steam\steamapps\common\The Binding of Isaac Rebirth\mods\GodmodeAchieved\resources\gfx\backdrop\Overlay.anm2", "XML", 0, -39, 0, 0, 0, -1, -40
"c:\Program Files (x86)\Steam\steamapps\common\The Binding of Isaac Rebirth\mods\GodmodeAchieved\resources\gfx\backdrop\effect_error.anm2", "XML", 0, -62, 0, 0, -1, 0, -63
"c:\Program Files (x86)\Steam\steamapps\common\The Binding of Isaac Rebirth\mods\GodmodeAchieved\resources\gfx\backdrop\mega_satan_land.anm2", "XML", 0, -100, 0, 0, 0, -1, -101
"c:\Program Files (x86)\Steam\steamapps\common\The Binding of Isaac Rebirth\mods\GodmodeAchieved\resources\gfx\backdrop\mega_satan_land_alt.anm2", "XML", 0, -87, 0, 0, 0, -1, -88
"c:\Program Files (x86)\Steam\steamapps\common\The Binding of Isaac Rebirth\mods\GodmodeAchieved\resources\gfx\backdrop\observatory\observatory.anm2", "XML", 0, -368, 0, 0, 0, -1, -369
"c:\Program Files (x86)\Steam\steamapps\common\The Binding of Isaac Rebirth\mods\GodmodeAchieved\resources\gfx\backdrop\voidoverlay.anm2", "XML", 0, -38, 0, 0, 0, -1, -39
"c:\Program Files (x86)\Steam\steamapps\common\The Binding of Isaac Rebirth\mods\GodmodeAchieved\resources\gfx\characters\thesign\sign_flame.anm2", "XML", 0, -32, 0, 0, 0, -1, -33
"c:\Program Files (x86)\Steam\steamapps\common\The Binding of Isaac Rebirth\mods\GodmodeAchieved\resources\gfx\costumes\arac_head.anm2", "XML", 0, -70, 0, 0, 0, -1, -71
"c:\Program Files (x86)\Steam\steamapps\common\The Binding of Isaac Rebirth\mods\GodmodeAchieved\resources\gfx\costumes\blood_pudding.anm2", "XML", 0, -70, 0, 0, 0, -1, -71
"c:\Program Files (x86)\Steam\steamapps\common\The Binding of Isaac Rebirth\mods\GodmodeAchieved\resources\gfx\costumes\celeste.anm2", "XML", 0, -162, 0, 0, 0, -1, -163
"c:\Program Files (x86)\Steam\steamapps\common\The Binding of Isaac Rebirth\mods\GodmodeAchieved\resources\gfx\costumes\celeste_collar.anm2", "XML", 0, -67, 0, 0, 0, -1, -68
"c:\Program Files (x86)\Steam\steamapps\common\The Binding of Isaac Rebirth\mods\GodmodeAchieved\resources\gfx\costumes\celeste_tail.anm2", "XML", 0, -102, 0, 0, 0, -1, -103
"c:\Program Files (x86)\Steam\steamapps\common\The Binding of Isaac Rebirth\mods\GodmodeAchieved\resources\gfx\costumes\chiggers_head.anm2", "XML", 0, -70, 0, 0, 0, -1, -71
"c:\Program Files (x86)\Steam\steamapps\common\The Binding of Isaac Rebirth\mods\GodmodeAchieved\resources\gfx\costumes\cyborg.anm2", "XML", 0, -174, 0, 0, 0, -1, -175
"c:\Program Files (x86)\Steam\steamapps\common\The Binding of Isaac Rebirth\mods\GodmodeAchieved\resources\gfx\costumes\divine_wrath.anm2", "XML", 0, -70, 0, 0, 0, -1, -71
"c:\Program Files (x86)\Steam\steamapps\common\The Binding of Isaac Rebirth\mods\GodmodeAchieved\resources\gfx\costumes\edible_soul.anm2", "XML", 0, -204, 0, 0, 0, -1, -205
"c:\Program Files (x86)\Steam\steamapps\common\The Binding of Isaac Rebirth\mods\GodmodeAchieved\resources\gfx\costumes\edible_soul_bodiless.anm2", "XML", 0, -122, 0, 0, 0, -1, -123
"c:\Program Files (x86)\Steam\steamapps\common\The Binding of Isaac Rebirth\mods\GodmodeAchieved\resources\gfx\costumes\elohim_beard.anm2", "XML", 0, -70, 0, 0, 0, -1, -71
"c:\Program Files (x86)\Steam\steamapps\common\The Binding of Isaac Rebirth\mods\GodmodeAchieved\resources\gfx\costumes\gangrene.anm2", "XML", 0, -156, 0, 0, 0, -1, -157
"c:\Program Files (x86)\Steam\steamapps\common\The Binding of Isaac Rebirth\mods\GodmodeAchieved\resources\gfx\costumes\gehazi_crown.anm2", "XML", 0, -70, 0, 0, 0, -1, -71
"c:\Program Files (x86)\Steam\steamapps\common\The Binding of Isaac Rebirth\mods\GodmodeAchieved\resources\gfx\costumes\head_base.anm2", "XML", 0, -70, 0, 0, 0, 0, -70
"c:\Program Files (x86)\Steam\steamapps\common\The Binding of Isaac Rebirth\mods\GodmodeAchieved\resources\gfx\costumes\heart_arrest.anm2", "XML", 0, -109, 0, 0, 0, -1, -110
"c:\Program Files (x86)\Steam\steamapps\common\The Binding of Isaac Rebirth\mods\GodmodeAchieved\resources\gfx\costumes\luc_wings.anm2", "XML", 0, -179, 0, 0, 0, -1, -180
"c:\Program Files (x86)\Steam\steamapps\common\The Binding of Isaac Rebirth\mods\GodmodeAchieved\resources\gfx\costumes\maxs_head_1.anm2", "XML", 0, -70, 0, 0, 0, 0, -70
"c:\Program Files (x86)\Steam\steamapps\common\The Binding of Isaac Rebirth\mods\GodmodeAchieved\resources\gfx\costumes\maxs_head_2.anm2", "XML", 0, -70, 0, 0, 0, 0, -70
"c:\Program Files (x86)\Steam\steamapps\common\The Binding of Isaac Rebirth\mods\GodmodeAchieved\resources\gfx\costumes\maxs_head_3.anm2", "XML", 0, -70, 0, 0, 0, 0, -70
"c:\Program Files (x86)\Steam\steamapps\common\The Binding of Isaac Rebirth\mods\GodmodeAchieved\resources\gfx\costumes\maxs_head_4.anm2", "XML", 0, -70, 0, 0, 0, 0, -70
"c:\Program Files (x86)\Steam\steamapps\common\The Binding of Isaac Rebirth\mods\GodmodeAchieved\resources\gfx\costumes\maxs_head_5.anm2", "XML", 0, -70, 0, 0, 0, 0, -70
"c:\Program Files (x86)\Steam\steamapps\common\The Binding of Isaac Rebirth\mods\GodmodeAchieved\resources\gfx\costumes\morphine.anm2", "XML", 0, -70, 0, 0, 0, 0, -70
"c:\Program Files (x86)\Steam\steamapps\common\The Binding of Isaac Rebirth\mods\GodmodeAchieved\resources\gfx\costumes\sign_wings.anm2", "XML", 0, -136, 0, 0, 0, -1, -137
"c:\Program Files (x86)\Steam\steamapps\common\The Binding of Isaac Rebirth\mods\GodmodeAchieved\resources\gfx\costumes\soft_serve.anm2", "XML", 0, -70, 0, 0, 0, -1, -71
"c:\Program Files (x86)\Steam\steamapps\common\The Binding of Isaac Rebirth\mods\GodmodeAchieved\resources\gfx\costumes\sugar.anm2", "XML", 0, -70, 0, 0, 0, -1, -71
"c:\Program Files (x86)\Steam\steamapps\common\The Binding of Isaac Rebirth\mods\GodmodeAchieved\resources\gfx\costumes\tainted_arac_head.anm2", "XML", 0, -70, 0, 0, 0, -1, -71
"c:\Program Files (x86)\Steam\steamapps\common\The Binding of Isaac Rebirth\mods\GodmodeAchieved\resources\gfx\costumes\tainted_elohim_beard.anm2", "XML", 0, -70, 0, 0, 0, -1, -71
"c:\Program Files (x86)\Steam\steamapps\common\The Binding of Isaac Rebirth\mods\GodmodeAchieved\resources\gfx\costumes\tramp_of_babylon.anm2", "XML", 0, -70, 0, 0, 0, 0, -70
"c:\Program Files (x86)\Steam\steamapps\common\The Binding of Isaac Rebirth\mods\GodmodeAchieved\resources\gfx\costumes\vessel.anm2", "XML", 0, -70, 0, 0, 0, -1, -71
"c:\Program Files (x86)\Steam\steamapps\common\The Binding of Isaac Rebirth\mods\GodmodeAchieved\resources\gfx\costumes\vessel_bloody.anm2", "XML", 0, -70, 0, 0, 0, -1, -71
"c:\Program Files (x86)\Steam\steamapps\common\The Binding of Isaac Rebirth\mods\GodmodeAchieved\resources\gfx\costumes\vessel_cracked.anm2", "XML", 0, -70, 0, 0, 0, -1, -71
"c:\Program Files (x86)\Steam\steamapps\common\The Binding of Isaac Rebirth\mods\GodmodeAchieved\resources\gfx\costumes\whoop_cough.anm2", "XML", 0, -70, 0, 0, 0, -1, -71
"c:\Program Files (x86)\Steam\steamapps\common\The Binding of Isaac Rebirth\mods\GodmodeAchieved\resources\gfx\costumes\xaphan_body_tainted - Copy.anm2", "XML", 0, -104, 0, 0, 0, -1, -105
"c:\Program Files (x86)\Steam\steamapps\common\The Binding of Isaac Rebirth\mods\GodmodeAchieved\resources\gfx\costumes\xaphan_body_tainted.anm2", "XML", 0, -83, 0, 0, 0, -1, -84
"c:\Program Files (x86)\Steam\steamapps\common\The Binding of Isaac Rebirth\mods\GodmodeAchieved\resources\gfx\costumes\xaphan_eyes_0.anm2", "XML", 0, -134, 0, 0, 0, -1, -135
"c:\Program Files (x86)\Steam\steamapps\common\The Binding of Isaac Rebirth\mods\GodmodeAchieved\resources\gfx\costumes\xaphan_eyes_1.anm2", "XML", 0, -134, 0, 0, 0, -1, -135
"c:\Program Files (x86)\Steam\steamapps\common\The Binding of Isaac Rebirth\mods\GodmodeAchieved\resources\gfx\costumes\xaphan_eyes_2.anm2", "XML", 0, -134, 0, 0, 0, -1, -135
"c:\Program Files (x86)\Steam\steamapps\common\The Binding of Isaac Rebirth\mods\GodmodeAchieved\resources\gfx\costumes\xaphan_eyes_3.anm2", "XML", 0, -134, 0, 0, 0, -1, -135
"c:\Program Files (x86)\Steam\steamapps\common\The Binding of Isaac Rebirth\mods\GodmodeAchieved\resources\gfx\costumes\xaphan_head.anm2", "XML", 0, -70, 0, 0, 0, -1, -71
"c:\Program Files (x86)\Steam\steamapps\common\The Binding of Isaac Rebirth\mods\GodmodeAchieved\resources\gfx\costumes\xaphan_head_tainted.anm2", "XML", 0, -70, 0, 0, 0, -1, -71
"c:\Program Files (x86)\Steam\steamapps\common\The Binding of Isaac Rebirth\mods\GodmodeAchieved\resources\gfx\effect_adra_champ.anm2", "XML", 0, -97, 0, 0, 0, -1, -98
"c:\Program Files (x86)\Steam\steamapps\common\The Binding of Isaac Rebirth\mods\GodmodeAchieved\resources\gfx\effect_adra_fury_champ.anm2", "XML", 0, -66, 0, 0, 0, -1, -67
"c:\Program Files (x86)\Steam\steamapps\common\The Binding of Isaac Rebirth\mods\GodmodeAchieved\resources\gfx\effect_aztec_shield.anm2", "XML", 0, -135, 0, 0, 0, -1, -136
"c:\Program Files (x86)\Steam\steamapps\common\The Binding of Isaac Rebirth\mods\GodmodeAchieved\resources\gfx\effect_bone_shield.anm2", "XML", 0, -135, 0, 0, 0, -1, -136
"c:\Program Files (x86)\Steam\steamapps\common\The Binding of Isaac Rebirth\mods\GodmodeAchieved\resources\gfx\effect_cat_swipe.anm2", "XML", 0, -37, 0, 0, 0, -1, -38
"c:\Program Files (x86)\Steam\steamapps\common\The Binding of Isaac Rebirth\mods\GodmodeAchieved\resources\gfx\effect_delirious_energy.anm2", "XML", 0, -47, 0, 0, 0, -1, -48
"c:\Program Files (x86)\Steam\steamapps\common\The Binding of Isaac Rebirth\mods\GodmodeAchieved\resources\gfx\effect_duster.anm2", "XML", 0, -43, 0, 0, 0, -1, -44
"c:\Program Files (x86)\Steam\steamapps\common\The Binding of Isaac Rebirth\mods\GodmodeAchieved\resources\gfx\effect_fallenlight_crack.anm2", "XML", 0, -44, 0, 0, 0, -1, -45
"c:\Program Files (x86)\Steam\steamapps\common\The Binding of Isaac Rebirth\mods\GodmodeAchieved\resources\gfx\effect_hand_of_god.anm2", "XML", 0, -67, 0, 0, 0, -1, -68
"c:\Program Files (x86)\Steam\steamapps\common\The Binding of Isaac Rebirth\mods\GodmodeAchieved\resources\gfx\effect_holy_order.anm2", "XML", 0, -162, 0, 0, 0, -1, -163
"c:\Program Files (x86)\Steam\steamapps\common\The Binding of Isaac Rebirth\mods\GodmodeAchieved\resources\gfx\effect_hushcannon.anm2", "XML", 0, -205, 0, 0, 0, -1, -206
"c:\Program Files (x86)\Steam\steamapps\common\The Binding of Isaac Rebirth\mods\GodmodeAchieved\resources\gfx\effect_hushcannon_down.anm2", "XML", 0, -212, 0, 0, 0, -1, -213
"c:\Program Files (x86)\Steam\steamapps\common\The Binding of Isaac Rebirth\mods\GodmodeAchieved\resources\gfx\effect_prayer_glow.anm2", "XML", 0, -51, 0, 0, 0, -1, -52
"c:\Program Files (x86)\Steam\steamapps\common\The Binding of Isaac Rebirth\mods\GodmodeAchieved\resources\gfx\effect_shattercoin.anm2", "XML", 0, -73, 0, 0, 0, -1, -74
"c:\Program Files (x86)\Steam\steamapps\common\The Binding of Isaac Rebirth\mods\GodmodeAchieved\resources\gfx\effect_soft_serve_puddle.anm2", "XML", 0, -117, 0, 0, 0, -1, -118
"c:\Program Files (x86)\Steam\steamapps\common\The Binding of Isaac Rebirth\mods\GodmodeAchieved\resources\gfx\effect_unholy_order.anm2", "XML", 0, -162, 0, 0, 0, -1, -163
"c:\Program Files (x86)\Steam\steamapps\common\The Binding of Isaac Rebirth\mods\GodmodeAchieved\resources\gfx\effect_war_banner.anm2", "XML", 0, -153, 0, 0, 0, -1, -154
"c:\Program Files (x86)\Steam\steamapps\common\The Binding of Isaac Rebirth\mods\GodmodeAchieved\resources\gfx\extra_godmode_pfp.anm2", "XML", 0, -413, 0, 0, 0, -1, -414
"c:\Program Files (x86)\Steam\steamapps\common\The Binding of Isaac Rebirth\mods\GodmodeAchieved\resources\gfx\famil_burntpage.anm2", "XML", 0, -40, 0, 0, 0, -1, -41
"c:\Program Files (x86)\Steam\steamapps\common\The Binding of Isaac Rebirth\mods\GodmodeAchieved\resources\gfx\famil_chigger.anm2", "XML", 0, -50, 0, 0, 0, -1, -51
"c:\Program Files (x86)\Steam\steamapps\common\The Binding of Isaac Rebirth\mods\GodmodeAchieved\resources\gfx\famil_diya.anm2", "XML", 0, -65, 0, 0, 0, -1, -66
"c:\Program Files (x86)\Steam\steamapps\common\The Binding of Isaac Rebirth\mods\GodmodeAchieved\resources\gfx\famil_fallen_guard.anm2", "XML", 0, -36, 0, 0, 0, -1, -37
"c:\Program Files (x86)\Steam\steamapps\common\The Binding of Isaac Rebirth\mods\GodmodeAchieved\resources\gfx\famil_fruitfly.anm2", "XML", 0, -304, 0, 0, 0, -1, -305
"c:\Program Files (x86)\Steam\steamapps\common\The Binding of Isaac Rebirth\mods\GodmodeAchieved\resources\gfx\famil_holychalice.anm2", "XML", 0, -101, 0, 0, 0, -1, -102
"c:\Program Files (x86)\Steam\steamapps\common\The Binding of Isaac Rebirth\mods\GodmodeAchieved\resources\gfx\famil_late_delivery.anm2", "XML", 0, -226, 0, 0, 0, -1, -227
"c:\Program Files (x86)\Steam\steamapps\common\The Binding of Isaac Rebirth\mods\GodmodeAchieved\resources\gfx\famil_pairofcans.anm2", "XML", 0, -39, 0, 0, 0, -1, -40
"c:\Program Files (x86)\Steam\steamapps\common\The Binding of Isaac Rebirth\mods\GodmodeAchieved\resources\gfx\famil_parrot.anm2", "XML", 0, -516, 0, 0, 0, -1, -517
"c:\Program Files (x86)\Steam\steamapps\common\The Binding of Isaac Rebirth\mods\GodmodeAchieved\resources\gfx\famil_ritual_candle.anm2", "XML", 0, -147, 0, 0, 0, -1, -148
"c:\Program Files (x86)\Steam\steamapps\common\The Binding of Isaac Rebirth\mods\GodmodeAchieved\resources\gfx\grid\door_01_normaldoor.anm2", "XML", 0, -896, 0, 0, 0, -1, -897
"c:\Program Files (x86)\Steam\steamapps\common\The Binding of Isaac Rebirth\mods\GodmodeAchieved\resources\gfx\grid\door_07_devilroomdoor.anm2", "XML", 0, -512, 0, 0, 0, -1, -513
"c:\Program Files (x86)\Steam\steamapps\common\The Binding of Isaac Rebirth\mods\GodmodeAchieved\resources\gfx\grid\door_hazards.anm2", "XML", 0, -321, 0, 0, 0, -1, -322
"c:\Program Files (x86)\Steam\steamapps\common\The Binding of Isaac Rebirth\mods\GodmodeAchieved\resources\gfx\grid\dynamite_rock.anm2", "XML", 0, -32, 0, 0, 0, -1, -33
"c:\Program Files (x86)\Steam\steamapps\common\The Binding of Isaac Rebirth\mods\GodmodeAchieved\resources\gfx\grid\elohim_throne.anm2", "XML", 0, -44, 0, 0, 0, -1, -45
"c:\Program Files (x86)\Steam\steamapps\common\The Binding of Isaac Rebirth\mods\GodmodeAchieved\resources\gfx\grid\fatal_attraction.anm2", "XML", 0, -46, 0, 0, 0, -1, -47
"c:\Program Files (x86)\Steam\steamapps\common\The Binding of Isaac Rebirth\mods\GodmodeAchieved\resources\gfx\grid\fragment_hints.anm2", "XML", 0, -29, 0, 0, 0, -1, -30
"c:\Program Files (x86)\Steam\steamapps\common\The Binding of Isaac Rebirth\mods\GodmodeAchieved\resources\gfx\grid\intestines_flies.anm2", "XML", 0, -77, 0, 0, 0, -1, -78
"c:\Program Files (x86)\Steam\steamapps\common\The Binding of Isaac Rebirth\mods\GodmodeAchieved\resources\gfx\grid\luc\doors\door_10_bossroomdoor.anm2", "XML", 0, -514, 0, 0, 0, -1, -515
"c:\Program Files (x86)\Steam\steamapps\common\The Binding of Isaac Rebirth\mods\GodmodeAchieved\resources\gfx\grid\luc\palace_mural.anm2", "XML", 0, -51, 0, 0, 0, -1, -52
"c:\Program Files (x86)\Steam\steamapps\common\The Binding of Isaac Rebirth\mods\GodmodeAchieved\resources\gfx\grid\luc\props_10_cathedral.anm2", "XML", 0, -545, 0, 0, 0, -1, -546
"c:\Program Files (x86)\Steam\steamapps\common\The Binding of Isaac Rebirth\mods\GodmodeAchieved\resources\gfx\grid\luc\secret_plate.anm2", "XML", 0, -27, 0, 0, 0, -1, -28
"c:\Program Files (x86)\Steam\steamapps\common\The Binding of Isaac Rebirth\mods\GodmodeAchieved\resources\gfx\grid\mask_statue.anm2", "XML", 0, -189, 0, 0, 0, -1, -190
"c:\Program Files (x86)\Steam\steamapps\common\The Binding of Isaac Rebirth\mods\GodmodeAchieved\resources\gfx\grid\observatory_door.anm2", "XML", 0, -760, 0, 0, 0, -1, -761
"c:\Program Files (x86)\Steam\steamapps\common\The Binding of Isaac Rebirth\mods\GodmodeAchieved\resources\gfx\grid\observatory_flames.anm2", "XML", 0, -749, 0, 0, 0, -1, -750
"c:\Program Files (x86)\Steam\steamapps\common\The Binding of Isaac Rebirth\mods\GodmodeAchieved\resources\gfx\grid\scale.anm2", "XML", 0, -72, 0, 0, 0, -1, -73
"c:\Program Files (x86)\Steam\steamapps\common\The Binding of Isaac Rebirth\mods\GodmodeAchieved\resources\gfx\grid_bomb_barrel.anm2", "XML", 0, -55, 0, 0, 0, -1, -56
"c:\Program Files (x86)\Steam\steamapps\common\The Binding of Isaac Rebirth\mods\GodmodeAchieved\resources\gfx\grid_candle.anm2", "XML", 0, -250, 0, 0, 0, -1, -251
"c:\Program Files (x86)\Steam\steamapps\common\The Binding of Isaac Rebirth\mods\GodmodeAchieved\resources\gfx\grid_lucifer_portal.anm2", "XML", 0, -105, 0, 0, 0, -1, -106
"c:\Program Files (x86)\Steam\steamapps\common\The Binding of Isaac Rebirth\mods\GodmodeAchieved\resources\gfx\grid_ooze_turret.anm2", "XML", 0, -65, 0, 0, 0, -1, -66
"c:\Program Files (x86)\Steam\steamapps\common\The Binding of Isaac Rebirth\mods\GodmodeAchieved\resources\gfx\grid_papal_flame.anm2", "XML", 0, -146, 0, 0, 0, -1, -147
"c:\Program Files (x86)\Steam\steamapps\common\The Binding of Isaac Rebirth\mods\GodmodeAchieved\resources\gfx\grid_sacrifice.anm2", "XML", 0, -169, 0, 0, 0, -1, -170
"c:\Program Files (x86)\Steam\steamapps\common\The Binding of Isaac Rebirth\mods\GodmodeAchieved\resources\gfx\grid_stone_beggar_bomb.anm2", "XML", 0, -112, 0, 0, 0, -1, -113
"c:\Program Files (x86)\Steam\steamapps\common\The Binding of Isaac Rebirth\mods\GodmodeAchieved\resources\gfx\grid_stone_beggar_coin.anm2", "XML", 0, -112, 0, 0, 0, -1, -113
"c:\Program Files (x86)\Steam\steamapps\common\The Binding of Isaac Rebirth\mods\GodmodeAchieved\resources\gfx\grid_stone_beggar_key.anm2", "XML", 0, -256, 0, 0, 0, -1, -257
"c:\Program Files (x86)\Steam\steamapps\common\The Binding of Isaac Rebirth\mods\GodmodeAchieved\resources\gfx\grid_stone_beggar_timer.anm2", "XML", 0, -206, 0, 0, 0, -1, -207
"c:\Program Files (x86)\Steam\steamapps\common\The Binding of Isaac Rebirth\mods\GodmodeAchieved\resources\gfx\mach_pill_beggar.anm2", "XML", 0, -212, 0, 0, 0, -1, -213
"c:\Program Files (x86)\Steam\steamapps\common\The Binding of Isaac Rebirth\mods\GodmodeAchieved\resources\gfx\mach_unlock_pedestal.anm2", "XML", 0, -89, 0, 0, 0, -1, -90
"c:\Program Files (x86)\Steam\steamapps\common\The Binding of Isaac Rebirth\mods\GodmodeAchieved\resources\gfx\monsters\3_dream.anm2", "XML", 0, -275, 0, 0, 0, -1, -276
"c:\Program Files (x86)\Steam\steamapps\common\The Binding of Isaac Rebirth\mods\GodmodeAchieved\resources\gfx\pickup_fruit_apple.anm2", "XML", 0, -89, 0, 0, 0, -1, -90
"c:\Program Files (x86)\Steam\steamapps\common\The Binding of Isaac Rebirth\mods\GodmodeAchieved\resources\gfx\pickup_fruit_banana.anm2", "XML", 0, -89, 0, 0, 0, -1, -90
"c:\Program Files (x86)\Steam\steamapps\common\The Binding of Isaac Rebirth\mods\GodmodeAchieved\resources\gfx\pickup_fruit_grape.anm2", "XML", 0, -89, 0, 0, 0, -1, -90
"c:\Program Files (x86)\Steam\steamapps\common\The Binding of Isaac Rebirth\mods\GodmodeAchieved\resources\gfx\pickup_fruit_kiwi.anm2", "XML", 0, -89, 0, 0, 0, -1, -90
"c:\Program Files (x86)\Steam\steamapps\common\The Binding of Isaac Rebirth\mods\GodmodeAchieved\resources\gfx\pickup_fruit_orange.anm2", "XML", 0, -89, 0, 0, 0, -1, -90
"c:\Program Files (x86)\Steam\steamapps\common\The Binding of Isaac Rebirth\mods\GodmodeAchieved\resources\gfx\pickup_heart_container.anm2", "XML", 0, -97, 0, 0, 0, -1, -98
"c:\Program Files (x86)\Steam\steamapps\common\The Binding of Isaac Rebirth\mods\GodmodeAchieved\resources\gfx\pickup_pile_of_keys_2.anm2", "XML", 0, -161, 0, 0, 0, -1, -162
"c:\Program Files (x86)\Steam\steamapps\common\The Binding of Isaac Rebirth\mods\GodmodeAchieved\resources\gfx\pickup_pile_of_keys_3.anm2", "XML", 0, -161, 0, 0, 0, -1, -162
"c:\Program Files (x86)\Steam\steamapps\common\The Binding of Isaac Rebirth\mods\GodmodeAchieved\resources\gfx\pickup_pile_of_keys_4.anm2", "XML", 0, -161, 0, 0, 0, -1, -162
"c:\Program Files (x86)\Steam\steamapps\common\The Binding of Isaac Rebirth\mods\GodmodeAchieved\resources\gfx\pickup_pile_of_keys_5.anm2", "XML", 0, -161, 0, 0, 0, -1, -162
"c:\Program Files (x86)\Steam\steamapps\common\The Binding of Isaac Rebirth\mods\GodmodeAchieved\resources\gfx\pickup_pile_of_keys_6.anm2", "XML", 0, -161, 0, 0, 0, -1, -162
"c:\Program Files (x86)\Steam\steamapps\common\The Binding of Isaac Rebirth\mods\GodmodeAchieved\resources\gfx\pickup_pile_of_keys_7.anm2", "XML", 0, -161, 0, 0, 0, -1, -162
"c:\Program Files (x86)\Steam\steamapps\common\The Binding of Isaac Rebirth\mods\GodmodeAchieved\resources\gfx\pickup_pile_of_keys_8.anm2", "XML", 0, -161, 0, 0, 0, -1, -162
"c:\Program Files (x86)\Steam\steamapps\common\The Binding of Isaac Rebirth\mods\GodmodeAchieved\resources\gfx\pickup_redcoin.anm2", "XML", 0, -105, 0, 0, 0, -1, -106
"c:\Program Files (x86)\Steam\steamapps\common\The Binding of Isaac Rebirth\mods\GodmodeAchieved\resources\gfx\pickup_secret_light.anm2", "XML", 0, -70, 0, 0, 0, -1, -71
"c:\Program Files (x86)\Steam\steamapps\common\The Binding of Isaac Rebirth\mods\GodmodeAchieved\resources\gfx\pickup_streamoc.anm2", "XML", 0, -133, 0, 0, 0, -1, -134
"c:\Program Files (x86)\Steam\steamapps\common\The Binding of Isaac Rebirth\mods\GodmodeAchieved\resources\gfx\pickup_torn_page.anm2", "XML", 0, -158, 0, 0, 0, -1, -159
"c:\Program Files (x86)\Steam\steamapps\common\The Binding of Isaac Rebirth\mods\GodmodeAchieved\resources\gfx\proj_grapes.anm2", "XML", 0, -567, 0, 0, 0, -1, -568
"c:\Program Files (x86)\Steam\steamapps\common\The Binding of Isaac Rebirth\mods\GodmodeAchieved\resources\gfx\tear_brainworm.anm2", "XML", 0, -171, 0, 0, 0, -1, -172
"c:\Program Files (x86)\Steam\steamapps\common\The Binding of Isaac Rebirth\mods\GodmodeAchieved\resources\gfx\tear_opia.anm2", "XML", 0, -353, 0, 0, 0, -1, -354
"c:\Program Files (x86)\Steam\steamapps\common\The Binding of Isaac Rebirth\mods\GodmodeAchieved\resources\gfx\ui\boss\god_versusscreen.anm2", "XML", 0, -250, 0, 0, 0, -1, -251
"c:\Program Files (x86)\Steam\steamapps\common\The Binding of Isaac Rebirth\mods\GodmodeAchieved\resources\gfx\ui\chargebar.anm2", "XML", 0, -163, 0, 0, 0, -1, -164
"c:\Program Files (x86)\Steam\steamapps\common\The Binding of Isaac Rebirth\mods\GodmodeAchieved\resources\gfx\ui\eid_transformations.anm2", "XML", 0, -63, 0, 0, 0, -1, -64
"c:\Program Files (x86)\Steam\steamapps\common\The Binding of Isaac Rebirth\mods\GodmodeAchieved\resources\gfx\ui\ending\ending.anm2", "XML", 0, -1224, 0, 0, 0, -1, -1225
"c:\Program Files (x86)\Steam\steamapps\common\The Binding of Isaac Rebirth\mods\GodmodeAchieved\resources\gfx\ui\main menu\encyc_portraits.anm2", "XML", 0, -89, 0, 0, 0, -1, -90
"c:\Program Files (x86)\Steam\steamapps\common\The Binding of Isaac Rebirth\mods\GodmodeAchieved\resources\gfx\ui\main menu\encyc_portraits_alt.anm2", "XML", 0, -88, 0, 0, 0, -1, -89
"c:\Program Files (x86)\Steam\steamapps\common\The Binding of Isaac Rebirth\mods\GodmodeAchieved\resources\gfx\ui\main menu\titlemenu.anm2", "XML", 0, -214, 0, 0, 0, -1, -215
"c:\Program Files (x86)\Steam\steamapps\common\The Binding of Isaac Rebirth\mods\GodmodeAchieved\resources\gfx\ui\main menu\titlemenu_old.anm2", "XML", 0, -277, 0, 0, 0, -1, -278
"c:\Program Files (x86)\Steam\steamapps\common\The Binding of Isaac Rebirth\mods\GodmodeAchieved\resources\gfx\ui\ui_cotv.anm2", "XML", 0, -192, 0, 0, 0, -1, -193
"c:\Program Files (x86)\Steam\steamapps\common\The Binding of Isaac Rebirth\mods\GodmodeAchieved\resources\gfx\ui\ui_streak.anm2", "XML", 0, -149, 0, 0, 0, -1, -150
"c:\Program Files (x86)\Steam\steamapps\common\The Binding of Isaac Rebirth\mods\GodmodeAchieved\resources\rooms\00.special rooms.xml", "XML", 0, -98433, 0, 0, 0, -1, -98434
"c:\Program Files (x86)\Steam\steamapps\common\The Binding of Isaac Rebirth\mods\GodmodeAchieved\resources\rooms\bossrooms.lua", "Lua", 0, 0, -2481, 0, 0, -1, -2482
"c:\Program Files (x86)\Steam\steamapps\common\The Binding of Isaac Rebirth\mods\GodmodeAchieved\resources\rooms\bossrooms.xml", "XML", 0, -2481, 0, 0, 0, -1, -2482
"c:\Program Files (x86)\Steam\steamapps\common\The Binding of Isaac Rebirth\mods\GodmodeAchieved\resources\rooms\fruit_cellar\boss_challenge_waves.lua", "Lua", 0, 0, -60, 0, 0, -1, -61
"c:\Program Files (x86)\Steam\steamapps\common\The Binding of Isaac Rebirth\mods\GodmodeAchieved\resources\rooms\fruit_cellar\boss_challenge_waves.xml", "XML", 0, -60, 0, 0, 0, -1, -61
"c:\Program Files (x86)\Steam\steamapps\common\The Binding of Isaac Rebirth\mods\GodmodeAchieved\resources\rooms\fruit_cellar\bosses\bulgebat.lua", "Lua", 0, 0, -474, 0, 0, -1, -475
"c:\Program Files (x86)\Steam\steamapps\common\The Binding of Isaac Rebirth\mods\GodmodeAchieved\resources\rooms\fruit_cellar\bosses\bulgebat.xml", "XML", 0, -474, 0, 0, 0, -1, -475
"c:\Program Files (x86)\Steam\steamapps\common\The Binding of Isaac Rebirth\mods\GodmodeAchieved\resources\rooms\fruit_cellar\bosses\dingle.lua", "Lua", 0, 0, -375, 0, 0, -1, -376
"c:\Program Files (x86)\Steam\steamapps\common\The Binding of Isaac Rebirth\mods\GodmodeAchieved\resources\rooms\fruit_cellar\bosses\dingle.xml", "XML", 0, -375, 0, 0, 0, -1, -376
"c:\Program Files (x86)\Steam\steamapps\common\The Binding of Isaac Rebirth\mods\GodmodeAchieved\resources\rooms\fruit_cellar\bosses\dukeofflies.lua", "Lua", 0, 0, -171, 0, 0, -1, -172
"c:\Program Files (x86)\Steam\steamapps\common\The Binding of Isaac Rebirth\mods\GodmodeAchieved\resources\rooms\fruit_cellar\bosses\dukeofflies.xml", "XML", 0, -171, 0, 0, 0, -1, -172
"c:\Program Files (x86)\Steam\steamapps\common\The Binding of Isaac Rebirth\mods\GodmodeAchieved\resources\rooms\fruit_cellar\bosses\famine.lua", "Lua", 0, 0, -438, 0, 0, -1, -439
"c:\Program Files (x86)\Steam\steamapps\common\The Binding of Isaac Rebirth\mods\GodmodeAchieved\resources\rooms\fruit_cellar\bosses\famine.xml", "XML", 0, -438, 0, 0, 0, -1, -439
"c:\Program Files (x86)\Steam\steamapps\common\The Binding of Isaac Rebirth\mods\GodmodeAchieved\resources\rooms\fruit_cellar\bosses\littlehorn.lua", "Lua", 0, 0, -522, 0, 0, -1, -523
"c:\Program Files (x86)\Steam\steamapps\common\The Binding of Isaac Rebirth\mods\GodmodeAchieved\resources\rooms\fruit_cellar\bosses\littlehorn.xml", "XML", 0, -522, 0, 0, 0, -1, -523
"c:\Program Files (x86)\Steam\steamapps\common\The Binding of Isaac Rebirth\mods\GodmodeAchieved\resources\rooms\fruit_cellar\bosses\megaworm.lua", "Lua", 0, 0, -640, 0, 0, -1, -641
"c:\Program Files (x86)\Steam\steamapps\common\The Binding of Isaac Rebirth\mods\GodmodeAchieved\resources\rooms\fruit_cellar\bosses\megaworm.xml", "XML", 0, -640, 0, 0, 0, -1, -641
"c:\Program Files (x86)\Steam\steamapps\common\The Binding of Isaac Rebirth\mods\GodmodeAchieved\resources\rooms\fruit_cellar\bosses\monstro.lua", "Lua", 0, 0, -177, 0, 0, -1, -178
"c:\Program Files (x86)\Steam\steamapps\common\The Binding of Isaac Rebirth\mods\GodmodeAchieved\resources\rooms\fruit_cellar\bosses\monstro.xml", "XML", 0, -177, 0, 0, 0, -1, -178
"c:\Program Files (x86)\Steam\steamapps\common\The Binding of Isaac Rebirth\mods\GodmodeAchieved\resources\rooms\fruit_cellar\bosses\pin.lua", "Lua", 0, 0, -168, 0, 0, -1, -169
"c:\Program Files (x86)\Steam\steamapps\common\The Binding of Isaac Rebirth\mods\GodmodeAchieved\resources\rooms\fruit_cellar\bosses\pin.xml", "XML", 0, -168, 0, 0, 0, -1, -169
"c:\Program Files (x86)\Steam\steamapps\common\The Binding of Isaac Rebirth\mods\GodmodeAchieved\resources\rooms\fruit_cellar\bosses\widow.lua", "Lua", 0, 0, -204, 0, 0, -1, -205
"c:\Program Files (x86)\Steam\steamapps\common\The Binding of Isaac Rebirth\mods\GodmodeAchieved\resources\rooms\fruit_cellar\bosses\widow.xml", "XML", 0, -204, 0, 0, 0, -1, -205
"c:\Program Files (x86)\Steam\steamapps\common\The Binding of Isaac Rebirth\mods\GodmodeAchieved\resources\rooms\fruit_cellar\bossrooms.lua", "Lua", 0, 0, -889, 0, 0, -7, -896
"c:\Program Files (x86)\Steam\steamapps\common\The Binding of Isaac Rebirth\mods\GodmodeAchieved\resources\rooms\fruit_cellar\challenge_waves.lua", "Lua", 0, 0, -231, 0, 0, -1, -232
"c:\Program Files (x86)\Steam\steamapps\common\The Binding of Isaac Rebirth\mods\GodmodeAchieved\resources\rooms\fruit_cellar\challenge_waves.xml", "XML", 0, -231, 0, 0, 0, -1, -232
"c:\Program Files (x86)\Steam\steamapps\common\The Binding of Isaac Rebirth\mods\GodmodeAchieved\resources\rooms\fruit_cellar\fruitcellar_rooms.lua", "Lua", 0, 0, -41814, 0, 0, -1, -41815
"c:\Program Files (x86)\Steam\steamapps\common\The Binding of Isaac Rebirth\mods\GodmodeAchieved\resources\rooms\fruit_cellar\fruitcellar_rooms.xml", "XML", 0, -41814, 0, 0, 0, -1, -41815
"c:\Program Files (x86)\Steam\steamapps\common\The Binding of Isaac Rebirth\mods\GodmodeAchieved\resources\rooms\fruit_cellar\god_fruitcellar.lua", "Lua", 0, 0, -30793, 0, 0, -1, -30794
"c:\Program Files (x86)\Steam\steamapps\common\The Binding of Isaac Rebirth\mods\GodmodeAchieved\resources\rooms\fruit_cellar\secret_exit.lua", "Lua", 0, 0, -84, 0, 0, -1, -85
"c:\Program Files (x86)\Steam\steamapps\common\The Binding of Isaac Rebirth\mods\GodmodeAchieved\resources\rooms\fruit_cellar\secret_exit.xml", "XML", 0, -84, 0, 0, 0, -1, -85
"c:\Program Files (x86)\Steam\steamapps\common\The Binding of Isaac Rebirth\mods\GodmodeAchieved\resources\rooms\god_palaceboss.lua", "Lua", 0, 0, -11, 0, 0, -1, -12
"c:\Program Files (x86)\Steam\steamapps\common\The Binding of Isaac Rebirth\mods\GodmodeAchieved\resources\rooms\intestines\boss_challenge_waves.lua", "Lua", 0, 0, -84, 0, 0, -1, -85
"c:\Program Files (x86)\Steam\steamapps\common\The Binding of Isaac Rebirth\mods\GodmodeAchieved\resources\rooms\intestines\boss_challenge_waves.xml", "XML", 0, -84, 0, 0, 0, -1, -85
"c:\Program Files (x86)\Steam\steamapps\common\The Binding of Isaac Rebirth\mods\GodmodeAchieved\resources\rooms\intestines\bosses\bowl_play.lua", "Lua", 0, 0, -673, 0, 0, -1, -674
"c:\Program Files (x86)\Steam\steamapps\common\The Binding of Isaac Rebirth\mods\GodmodeAchieved\resources\rooms\intestines\bosses\bowl_play.xml", "XML", 0, -673, 0, 0, 0, -1, -674
"c:\Program Files (x86)\Steam\steamapps\common\The Binding of Isaac Rebirth\mods\GodmodeAchieved\resources\rooms\intestines\bosses\brownie.lua", "Lua", 0, 0, -222, 0, 0, -1, -223
"c:\Program Files (x86)\Steam\steamapps\common\The Binding of Isaac Rebirth\mods\GodmodeAchieved\resources\rooms\intestines\bosses\brownie.xml", "XML", 0, -222, 0, 0, 0, -1, -223
"c:\Program Files (x86)\Steam\steamapps\common\The Binding of Isaac Rebirth\mods\GodmodeAchieved\resources\rooms\intestines\bosses\death.lua", "Lua", 0, 0, -207, 0, 0, -1, -208
"c:\Program Files (x86)\Steam\steamapps\common\The Binding of Isaac Rebirth\mods\GodmodeAchieved\resources\rooms\intestines\bosses\death.xml", "XML", 0, -207, 0, 0, 0, -1, -208
"c:\Program Files (x86)\Steam\steamapps\common\The Binding of Isaac Rebirth\mods\GodmodeAchieved\resources\rooms\intestines\bosses\dingdang.lua", "Lua", 0, 0, -207, 0, 0, -1, -208
"c:\Program Files (x86)\Steam\steamapps\common\The Binding of Isaac Rebirth\mods\GodmodeAchieved\resources\rooms\intestines\bosses\dingdang.xml", "XML", 0, -207, 0, 0, 0, -1, -208
"c:\Program Files (x86)\Steam\steamapps\common\The Binding of Isaac Rebirth\mods\GodmodeAchieved\resources\rooms\intestines\bosses\hostess.lua", "Lua", 0, 0, -302, 0, 0, -1, -303
"c:\Program Files (x86)\Steam\steamapps\common\The Binding of Isaac Rebirth\mods\GodmodeAchieved\resources\rooms\intestines\bosses\hostess.xml", "XML", 0, -302, 0, 0, 0, -1, -303
"c:\Program Files (x86)\Steam\steamapps\common\The Binding of Isaac Rebirth\mods\GodmodeAchieved\resources\rooms\intestines\bosses\mamagurdy.lua", "Lua", 0, 0, -48, 0, 0, -1, -49
"c:\Program Files (x86)\Steam\steamapps\common\The Binding of Isaac Rebirth\mods\GodmodeAchieved\resources\rooms\intestines\bosses\mamagurdy.xml", "XML", 0, -48, 0, 0, 0, -1, -49
"c:\Program Files (x86)\Steam\steamapps\common\The Binding of Isaac Rebirth\mods\GodmodeAchieved\resources\rooms\intestines\bosses\teratula.lua", "Lua", 0, 0, -327, 0, 0, -1, -328
"c:\Program Files (x86)\Steam\steamapps\common\The Binding of Isaac Rebirth\mods\GodmodeAchieved\resources\rooms\intestines\bosses\teratula.xml", "XML", 0, -327, 0, 0, 0, -1, -328
"c:\Program Files (x86)\Steam\steamapps\common\The Binding of Isaac Rebirth\mods\GodmodeAchieved\resources\rooms\intestines\bossrooms.lua", "Lua", 0, 0, -1453, 0, 0, -1, -1454
"c:\Program Files (x86)\Steam\steamapps\common\The Binding of Isaac Rebirth\mods\GodmodeAchieved\resources\rooms\intestines\challenge_waves.lua", "Lua", 0, 0, -288, 0, 0, -1, -289
"c:\Program Files (x86)\Steam\steamapps\common\The Binding of Isaac Rebirth\mods\GodmodeAchieved\resources\rooms\intestines\challenge_waves.xml", "XML", 0, -288, 0, 0, 0, -1, -289
"c:\Program Files (x86)\Steam\steamapps\common\The Binding of Isaac Rebirth\mods\GodmodeAchieved\resources\rooms\intestines\intestines_rooms.lua", "Lua", 0, 0, -41793, 0, 0, -1, -41794
"c:\Program Files (x86)\Steam\steamapps\common\The Binding of Isaac Rebirth\mods\GodmodeAchieved\resources\rooms\intestines\intestines_rooms.xml", "XML", 0, -41793, 0, 0, 0, -1, -41794
"c:\Program Files (x86)\Steam\steamapps\common\The Binding of Isaac Rebirth\mods\GodmodeAchieved\resources\rooms\intestines\it_breathes_fight.lua", "Lua", 0, 0, -13, 0, 0, -1, -14
"c:\Program Files (x86)\Steam\steamapps\common\The Binding of Isaac Rebirth\mods\GodmodeAchieved\resources\rooms\luc\boss_challenge_waves.lua", "Lua", 0, 0, -57, 0, 0, -1, -58
"c:\Program Files (x86)\Steam\steamapps\common\The Binding of Isaac Rebirth\mods\GodmodeAchieved\resources\rooms\luc\boss_challenge_waves.xml", "XML", 0, -57, 0, 0, 0, -1, -58
"c:\Program Files (x86)\Steam\steamapps\common\The Binding of Isaac Rebirth\mods\GodmodeAchieved\resources\rooms\luc\bossroom.lua", "Lua", 0, 0, -24, 0, 0, -1, -25
"c:\Program Files (x86)\Steam\steamapps\common\The Binding of Isaac Rebirth\mods\GodmodeAchieved\resources\rooms\luc\bossroom.xml", "XML", 0, -24, 0, 0, 0, -1, -25
"c:\Program Files (x86)\Steam\steamapps\common\The Binding of Isaac Rebirth\mods\GodmodeAchieved\resources\rooms\luc\challenge_waves.lua", "Lua", 0, 0, -246, 0, 0, -1, -247
"c:\Program Files (x86)\Steam\steamapps\common\The Binding of Isaac Rebirth\mods\GodmodeAchieved\resources\rooms\luc\challenge_waves.xml", "XML", 0, -246, 0, 0, 0, -1, -247
"c:\Program Files (x86)\Steam\steamapps\common\The Binding of Isaac Rebirth\mods\GodmodeAchieved\resources\rooms\luc\ivory_rooms.lua", "Lua", 0, 0, -11774, 0, 0, -1, -11775
"c:\Program Files (x86)\Steam\steamapps\common\The Binding of Isaac Rebirth\mods\GodmodeAchieved\resources\rooms\luc\ivory_rooms.xml", "XML", 0, -11774, 0, 0, 0, -1, -11775
"c:\Program Files (x86)\Steam\steamapps\common\The Binding of Isaac Rebirth\mods\GodmodeAchieved\resources\rooms\luc\mask_room.lua", "Lua", 0, 0, -18, 0, 0, -1, -19
"c:\Program Files (x86)\Steam\steamapps\common\The Binding of Isaac Rebirth\mods\GodmodeAchieved\resources\rooms\luc\mask_room.xml", "XML", 0, -18, 0, 0, 0, -1, -19
"c:\Program Files (x86)\Steam\steamapps\common\The Binding of Isaac Rebirth\mods\GodmodeAchieved\resources\rooms\nest\boss_challenge_waves.lua", "Lua", 0, 0, -72, 0, 0, -1, -73
"c:\Program Files (x86)\Steam\steamapps\common\The Binding of Isaac Rebirth\mods\GodmodeAchieved\resources\rooms\nest\boss_challenge_waves.xml", "XML", 0, -72, 0, 0, 0, -1, -73
"c:\Program Files (x86)\Steam\steamapps\common\The Binding of Isaac Rebirth\mods\GodmodeAchieved\resources\rooms\nest\bosses\outbreak.lua", "Lua", 0, 0, -334, 0, 0, -1, -335
"c:\Program Files (x86)\Steam\steamapps\common\The Binding of Isaac Rebirth\mods\GodmodeAchieved\resources\rooms\nest\bosses\outbreak.xml", "XML", 0, -334, 0, 0, 0, -1, -335
"c:\Program Files (x86)\Steam\steamapps\common\The Binding of Isaac Rebirth\mods\GodmodeAchieved\resources\rooms\nest\bosses\reapcreep.lua", "Lua", 0, 0, -657, 0, 0, -1, -658
"c:\Program Files (x86)\Steam\steamapps\common\The Binding of Isaac Rebirth\mods\GodmodeAchieved\resources\rooms\nest\bosses\reapcreep.xml", "XML", 0, -657, 0, 0, 0, -1, -658
"c:\Program Files (x86)\Steam\steamapps\common\The Binding of Isaac Rebirth\mods\GodmodeAchieved\resources\rooms\nest\bosses\teratoma.lua", "Lua", 0, 0, -651, 0, 0, -1, -652
"c:\Program Files (x86)\Steam\steamapps\common\The Binding of Isaac Rebirth\mods\GodmodeAchieved\resources\rooms\nest\bosses\teratoma.xml", "XML", 0, -651, 0, 0, 0, -1, -652
"c:\Program Files (x86)\Steam\steamapps\common\The Binding of Isaac Rebirth\mods\GodmodeAchieved\resources\rooms\nest\bosses\war.lua", "Lua", 0, 0, -402, 0, 0, -1, -403
"c:\Program Files (x86)\Steam\steamapps\common\The Binding of Isaac Rebirth\mods\GodmodeAchieved\resources\rooms\nest\bosses\war.xml", "XML", 0, -402, 0, 0, 0, -1, -403
"c:\Program Files (x86)\Steam\steamapps\common\The Binding of Isaac Rebirth\mods\GodmodeAchieved\resources\rooms\nest\bosses\widow.lua", "Lua", 0, 0, -435, 0, 0, -1, -436
"c:\Program Files (x86)\Steam\steamapps\common\The Binding of Isaac Rebirth\mods\GodmodeAchieved\resources\rooms\nest\bosses\widow.xml", "XML", 0, -435, 0, 0, 0, -1, -436
"c:\Program Files (x86)\Steam\steamapps\common\The Binding of Isaac Rebirth\mods\GodmodeAchieved\resources\rooms\nest\bosses\wretched.lua", "Lua", 0, 0, -429, 0, 0, -1, -430
"c:\Program Files (x86)\Steam\steamapps\common\The Binding of Isaac Rebirth\mods\GodmodeAchieved\resources\rooms\nest\bosses\wretched.xml", "XML", 0, -429, 0, 0, 0, -1, -430
"c:\Program Files (x86)\Steam\steamapps\common\The Binding of Isaac Rebirth\mods\GodmodeAchieved\resources\rooms\nest\challenge_waves.lua", "Lua", 0, 0, -219, 0, 0, -1, -220
"c:\Program Files (x86)\Steam\steamapps\common\The Binding of Isaac Rebirth\mods\GodmodeAchieved\resources\rooms\nest\challenge_waves.xml", "XML", 0, -219, 0, 0, 0, -1, -220
"c:\Program Files (x86)\Steam\steamapps\common\The Binding of Isaac Rebirth\mods\GodmodeAchieved\resources\rooms\nest\mom_fight.lua", "Lua", 0, 0, -370, 0, 0, -2, -372
"c:\Program Files (x86)\Steam\steamapps\common\The Binding of Isaac Rebirth\mods\GodmodeAchieved\resources\rooms\nest\nest_rooms.lua", "Lua", 0, 0, -61592, 0, 0, -1, -61593
"c:\Program Files (x86)\Steam\steamapps\common\The Binding of Isaac Rebirth\mods\GodmodeAchieved\resources\rooms\nest\nest_rooms.xml", "XML", 0, -61592, 0, 0, 0, -1, -61593
"c:\Program Files (x86)\Steam\steamapps\common\The Binding of Isaac Rebirth\mods\GodmodeAchieved\resources\rooms\observatory_rooms.lua", "Lua", 0, 0, -15, 0, 0, -1, -16
"c:\Program Files (x86)\Steam\steamapps\common\The Binding of Isaac Rebirth\mods\GodmodeAchieved\resources\rooms\observatory_rooms.xml", "XML", 0, -15, 0, 0, 0, -1, -16
"c:\Program Files (x86)\Steam\steamapps\common\The Binding of Isaac Rebirth\mods\GodmodeAchieved\resources\rooms_deobf\fxlayers.xml", "XML", 0, -218, 0, 0, -19, -1, -238
"c:\Program Files (x86)\Steam\steamapps\common\The Binding of Isaac Rebirth\mods\GodmodeAchieved\resources\rooms_deobf\scripts\god_fruitcellar.lua", "Lua", 0, 0, -8, 0, 0, 0, -8
"c:\Program Files (x86)\Steam\steamapps\common\The Binding of Isaac Rebirth\mods\GodmodeAchieved\resources\rooms_deobf\scripts\god_lucpalace.lua", "Lua", 0, 0, -10984, 0, 0, -1, -10985
"c:\Program Files (x86)\Steam\steamapps\common\The Binding of Isaac Rebirth\mods\GodmodeAchieved\resources\rooms_deobf\scripts\god_lucpalace.xml", "XML", 0, -10984, 0, 0, -1, 0, -10985
"c:\Program Files (x86)\Steam\steamapps\common\The Binding of Isaac Rebirth\mods\GodmodeAchieved\resources\rooms_deobf\scripts\god_lucpalace_prev.lua", "Lua", 0, 0, -8747, 0, 0, -1, -8748
"c:\Program Files (x86)\Steam\steamapps\common\The Binding of Isaac Rebirth\mods\GodmodeAchieved\resources\rooms_deobf\scripts\god_lucpalace_special.lua", "Lua", 0, 0, -23, 0, 0, -1, -24
"c:\Program Files (x86)\Steam\steamapps\common\The Binding of Isaac Rebirth\mods\GodmodeAchieved\resources\rooms_deobf\scripts\god_lucpalace_special.xml", "XML", 0, -23, 0, 0, -1, 0, -24
"c:\Program Files (x86)\Steam\steamapps\common\The Binding of Isaac Rebirth\mods\GodmodeAchieved\resources\rooms_deobf\scripts\god_nightpalace.lua", "Lua", 0, 0, -5194, 0, 0, -1, -5195
"c:\Program Files (x86)\Steam\steamapps\common\The Binding of Isaac Rebirth\mods\GodmodeAchieved\resources\rooms_deobf\scripts\god_palaceboss.lua", "Lua", 0, 0, -11, 0, 0, -1, -12
"c:\Program Files (x86)\Steam\steamapps\common\The Binding of Isaac Rebirth\mods\GodmodeAchieved\resources\rooms_deobf\scripts\god_palaceboss.xml", "XML", 0, -11, 0, 0, -1, 0, -12
"c:\Program Files (x86)\Steam\steamapps\common\The Binding of Isaac Rebirth\mods\GodmodeAchieved\resources\rooms_deobf\scripts\god_thenest.lua", "Lua", 0, 0, -46425, 0, 0, -1, -46426
"c:\Program Files (x86)\Steam\steamapps\common\The Binding of Isaac Rebirth\mods\GodmodeAchieved\resources\rooms_deobf\scripts\god_thenest.xml", "XML", 0, -46425, 0, 0, -1, 0, -46426
"c:\Program Files (x86)\Steam\steamapps\common\The Binding of Isaac Rebirth\mods\GodmodeAchieved\resources\rooms_deobf\scripts\it_breathes.lua", "Lua", 0, 0, -11, 0, 0, -1, -12
"c:\Program Files (x86)\Steam\steamapps\common\The Binding of Isaac Rebirth\mods\GodmodeAchieved\resources\rooms_deobf\scripts\it_breathes.xml", "XML", 0, -11, 0, 0, -1, 0, -12
"c:\Program Files (x86)\Steam\steamapps\common\The Binding of Isaac Rebirth\mods\GodmodeAchieved\resources\rooms_deobf\scripts\luatoxml.py", "Python", 0, 0, 0, -47, -1, -11, -59
"c:\Program Files (x86)\Steam\steamapps\common\The Binding of Isaac Rebirth\mods\GodmodeAchieved\resources\rooms_deobf\scripts\mom_fight.lua", "Lua", 0, 0, -368, 0, 0, -1, -369
"c:\Program Files (x86)\Steam\steamapps\common\The Binding of Isaac Rebirth\mods\GodmodeAchieved\resources\rooms_deobf\scripts\mom_fight.xml", "XML", 0, -368, 0, 0, -1, 0, -369
"c:\Program Files (x86)\Steam\steamapps\common\The Binding of Isaac Rebirth\mods\GodmodeAchieved\resources\rooms_deobf\scripts\mural.xml", "XML", 0, -71, 0, 0, -1, 0, -72
"c:\Program Files (x86)\Steam\steamapps\common\The Binding of Isaac Rebirth\mods\GodmodeAchieved\resources\rooms_deobf\scripts\testhook.bat", "Batch", -3, 0, 0, 0, 0, -1, -4
"Total", "-", -3, -964376, -850365, -47, -340, -917, -1816048