"filename", "language", "Lua", "XML", "comment", "blank", "total"
"c:\Program Files (x86)\Steam\steamapps\common\The Binding of Isaac Rebirth\mods\GodmodeAchieved\scripts\definitions\achievements.lua", "Lua", 163, 0, 5, 45, 213
"c:\Program Files (x86)\Steam\steamapps\common\The Binding of Isaac Rebirth\mods\GodmodeAchieved\scripts\definitions\alt_entries.lua", "Lua", 434, 0, 11, 3, 448
"c:\Program Files (x86)\Steam\steamapps\common\The Binding of Isaac Rebirth\mods\GodmodeAchieved\scripts\definitions\armor_blacklist.lua", "Lua", 84, 0, 1, 4, 89
"c:\Program Files (x86)\Steam\steamapps\common\The Binding of Isaac Rebirth\mods\GodmodeAchieved\scripts\definitions\bosslist.lua", "Lua", 225, 0, 0, 15, 240
"c:\Program Files (x86)\Steam\steamapps\common\The Binding of Isaac Rebirth\mods\GodmodeAchieved\scripts\definitions\cards_pills.lua", "Lua", 218, 0, 1, 34, 253
"c:\Program Files (x86)\Steam\steamapps\common\The Binding of Isaac Rebirth\mods\GodmodeAchieved\scripts\definitions\d10.lua", "Lua", 53, 0, 68, 10, 131
"c:\Program Files (x86)\Steam\steamapps\common\The Binding of Isaac Rebirth\mods\GodmodeAchieved\scripts\definitions\itemlist.lua", "Lua", 97, 0, 0, 3, 100
"c:\Program Files (x86)\Steam\steamapps\common\The Binding of Isaac Rebirth\mods\GodmodeAchieved\scripts\definitions\itempools.lua", "Lua", 63, 0, 0, 12, 75
"c:\Program Files (x86)\Steam\steamapps\common\The Binding of Isaac Rebirth\mods\GodmodeAchieved\scripts\definitions\items\abrahams_map.lua", "Lua", 95, 0, 0, 14, 109
"c:\Program Files (x86)\Steam\steamapps\common\The Binding of Isaac Rebirth\mods\GodmodeAchieved\scripts\definitions\items\adra_blessing.lua", "Lua", 192, 0, 7, 43, 242
"c:\Program Files (x86)\Steam\steamapps\common\The Binding of Isaac Rebirth\mods\GodmodeAchieved\scripts\definitions\items\adra_fury.lua", "Lua", 224, 0, 5, 50, 279
"c:\Program Files (x86)\Steam\steamapps\common\The Binding of Isaac Rebirth\mods\GodmodeAchieved\scripts\definitions\items\angel_food.lua", "Lua", 32, 0, 0, 6, 38
"c:\Program Files (x86)\Steam\steamapps\common\The Binding of Isaac Rebirth\mods\GodmodeAchieved\scripts\definitions\items\apple_juice.lua", "Lua", 55, 0, 2, 8, 65
"c:\Program Files (x86)\Steam\steamapps\common\The Binding of Isaac Rebirth\mods\GodmodeAchieved\scripts\definitions\items\arcade_ticket.lua", "Lua", 39, 0, 2, 6, 47
"c:\Program Files (x86)\Steam\steamapps\common\The Binding of Isaac Rebirth\mods\GodmodeAchieved\scripts\definitions\items\baptismal_cross.lua", "Lua", 45, 0, 0, 3, 48
"c:\Program Files (x86)\Steam\steamapps\common\The Binding of Isaac Rebirth\mods\GodmodeAchieved\scripts\definitions\items\black_mushroom.lua", "Lua", 63, 0, 0, 10, 73
"c:\Program Files (x86)\Steam\steamapps\common\The Binding of Isaac Rebirth\mods\GodmodeAchieved\scripts\definitions\items\blood_pudding.lua", "Lua", 40, 0, 3, 9, 52
"c:\Program Files (x86)\Steam\steamapps\common\The Binding of Isaac Rebirth\mods\GodmodeAchieved\scripts\definitions\items\bubble_wand.lua", "Lua", 42, 0, 0, 7, 49
"c:\Program Files (x86)\Steam\steamapps\common\The Binding of Isaac Rebirth\mods\GodmodeAchieved\scripts\definitions\items\burnt_diary.lua", "Lua", 22, 0, 0, 2, 24
"c:\Program Files (x86)\Steam\steamapps\common\The Binding of Isaac Rebirth\mods\GodmodeAchieved\scripts\definitions\items\calendar.lua", "Lua", 32, 0, 0, 6, 38
"c:\Program Files (x86)\Steam\steamapps\common\The Binding of Isaac Rebirth\mods\GodmodeAchieved\scripts\definitions\items\carrot.lua", "Lua", 39, 0, 0, 3, 42
"c:\Program Files (x86)\Steam\steamapps\common\The Binding of Isaac Rebirth\mods\GodmodeAchieved\scripts\definitions\items\celeste_collar.lua", "Lua", 43, 0, 2, 6, 51
"c:\Program Files (x86)\Steam\steamapps\common\The Binding of Isaac Rebirth\mods\GodmodeAchieved\scripts\definitions\items\celeste_paw.lua", "Lua", 35, 0, 0, 6, 41
"c:\Program Files (x86)\Steam\steamapps\common\The Binding of Isaac Rebirth\mods\GodmodeAchieved\scripts\definitions\items\celeste_tail.lua", "Lua", 36, 0, 0, 5, 41
"c:\Program Files (x86)\Steam\steamapps\common\The Binding of Isaac Rebirth\mods\GodmodeAchieved\scripts\definitions\items\crossbones.lua", "Lua", 52, 0, 1, 8, 61
"c:\Program Files (x86)\Steam\steamapps\common\The Binding of Isaac Rebirth\mods\GodmodeAchieved\scripts\definitions\items\dads_balloon.lua", "Lua", 70, 0, 0, 6, 76
"c:\Program Files (x86)\Steam\steamapps\common\The Binding of Isaac Rebirth\mods\GodmodeAchieved\scripts\definitions\items\devils_food.lua", "Lua", 25, 0, 0, 6, 31
"c:\Program Files (x86)\Steam\steamapps\common\The Binding of Isaac Rebirth\mods\GodmodeAchieved\scripts\definitions\items\divine_approval.lua", "Lua", 71, 0, 0, 16, 87
"c:\Program Files (x86)\Steam\steamapps\common\The Binding of Isaac Rebirth\mods\GodmodeAchieved\scripts\definitions\items\divine_wrath.lua", "Lua", 47, 0, 0, 11, 58
"c:\Program Files (x86)\Steam\steamapps\common\The Binding of Isaac Rebirth\mods\GodmodeAchieved\scripts\definitions\items\diya.lua", "Lua", 26, 0, 0, 5, 31
"c:\Program Files (x86)\Steam\steamapps\common\The Binding of Isaac Rebirth\mods\GodmodeAchieved\scripts\definitions\items\dragon_fruit.lua", "Lua", 34, 0, 1, 4, 39
"c:\Program Files (x86)\Steam\steamapps\common\The Binding of Isaac Rebirth\mods\GodmodeAchieved\scripts\definitions\items\edible_soul.lua", "Lua", 101, 0, 0, 21, 122
"c:\Program Files (x86)\Steam\steamapps\common\The Binding of Isaac Rebirth\mods\GodmodeAchieved\scripts\definitions\items\fallen_guard.lua", "Lua", 17, 0, 0, 2, 19
"c:\Program Files (x86)\Steam\steamapps\common\The Binding of Isaac Rebirth\mods\GodmodeAchieved\scripts\definitions\items\fatal_attraction.lua", "Lua", 31, 0, 3, 4, 38
"c:\Program Files (x86)\Steam\steamapps\common\The Binding of Isaac Rebirth\mods\GodmodeAchieved\scripts\definitions\items\feather_duster.lua", "Lua", 33, 0, 1, 4, 38
"c:\Program Files (x86)\Steam\steamapps\common\The Binding of Isaac Rebirth\mods\GodmodeAchieved\scripts\definitions\items\forbidden_knowledge.lua", "Lua", 46, 0, 1, 7, 54
"c:\Program Files (x86)\Steam\steamapps\common\The Binding of Isaac Rebirth\mods\GodmodeAchieved\scripts\definitions\items\four_leaf_clover.lua", "Lua", 36, 0, 0, 8, 44
"c:\Program Files (x86)\Steam\steamapps\common\The Binding of Isaac Rebirth\mods\GodmodeAchieved\scripts\definitions\items\fruit_fly.lua", "Lua", 18, 0, 0, 2, 20
"c:\Program Files (x86)\Steam\steamapps\common\The Binding of Isaac Rebirth\mods\GodmodeAchieved\scripts\definitions\items\fruit_salad.lua", "Lua", 24, 0, 1, 4, 29
"c:\Program Files (x86)\Steam\steamapps\common\The Binding of Isaac Rebirth\mods\GodmodeAchieved\scripts\definitions\items\fuzzy_dice.lua", "Lua", 34, 0, 0, 6, 40
"c:\Program Files (x86)\Steam\steamapps\common\The Binding of Isaac Rebirth\mods\GodmodeAchieved\scripts\definitions\items\gangrene.lua", "Lua", 41, 0, 0, 5, 46
"c:\Program Files (x86)\Steam\steamapps\common\The Binding of Isaac Rebirth\mods\GodmodeAchieved\scripts\definitions\items\ghanta.lua", "Lua", 33, 0, 0, 10, 43
"c:\Program Files (x86)\Steam\steamapps\common\The Binding of Isaac Rebirth\mods\GodmodeAchieved\scripts\definitions\items\gold_battery.lua", "Lua", 58, 0, 0, 11, 69
"c:\Program Files (x86)\Steam\steamapps\common\The Binding of Isaac Rebirth\mods\GodmodeAchieved\scripts\definitions\items\gold_crown.lua", "Lua", 88, 0, 0, 17, 105
"c:\Program Files (x86)\Steam\steamapps\common\The Binding of Isaac Rebirth\mods\GodmodeAchieved\scripts\definitions\items\gold_stopwatch.lua", "Lua", 58, 0, 11, 12, 81
"c:\Program Files (x86)\Steam\steamapps\common\The Binding of Isaac Rebirth\mods\GodmodeAchieved\scripts\definitions\items\golden_tampon.lua", "Lua", 43, 0, 0, 6, 49
"c:\Program Files (x86)\Steam\steamapps\common\The Binding of Isaac Rebirth\mods\GodmodeAchieved\scripts\definitions\items\heart_arrest.lua", "Lua", 50, 0, 7, 8, 65
"c:\Program Files (x86)\Steam\steamapps\common\The Binding of Isaac Rebirth\mods\GodmodeAchieved\scripts\definitions\items\holy_chalice.lua", "Lua", 47, 0, 0, 9, 56
"c:\Program Files (x86)\Steam\steamapps\common\The Binding of Isaac Rebirth\mods\GodmodeAchieved\scripts\definitions\items\hush_cannon.lua", "Lua", 17, 0, 0, 2, 19
"c:\Program Files (x86)\Steam\steamapps\common\The Binding of Isaac Rebirth\mods\GodmodeAchieved\scripts\definitions\items\hysteria.lua", "Lua", 49, 0, 0, 8, 57
"c:\Program Files (x86)\Steam\steamapps\common\The Binding of Isaac Rebirth\mods\GodmodeAchieved\scripts\definitions\items\ladle.lua", "Lua", 41, 0, 0, 5, 46
"c:\Program Files (x86)\Steam\steamapps\common\The Binding of Isaac Rebirth\mods\GodmodeAchieved\scripts\definitions\items\larval_therapy.lua", "Lua", 31, 0, 4, 6, 41
"c:\Program Files (x86)\Steam\steamapps\common\The Binding of Isaac Rebirth\mods\GodmodeAchieved\scripts\definitions\items\late_delivery.lua", "Lua", 61, 0, 1, 13, 75
"c:\Program Files (x86)\Steam\steamapps\common\The Binding of Isaac Rebirth\mods\GodmodeAchieved\scripts\definitions\items\marshall_scarf.lua", "Lua", 33, 0, 0, 6, 39
"c:\Program Files (x86)\Steam\steamapps\common\The Binding of Isaac Rebirth\mods\GodmodeAchieved\scripts\definitions\items\maxs_head.lua", "Lua", 55, 0, 0, 9, 64
"c:\Program Files (x86)\Steam\steamapps\common\The Binding of Isaac Rebirth\mods\GodmodeAchieved\scripts\definitions\items\moms_wish.lua", "Lua", 52, 0, 0, 6, 58
"c:\Program Files (x86)\Steam\steamapps\common\The Binding of Isaac Rebirth\mods\GodmodeAchieved\scripts\definitions\items\morphine.lua", "Lua", 48, 0, 0, 10, 58
"c:\Program Files (x86)\Steam\steamapps\common\The Binding of Isaac Rebirth\mods\GodmodeAchieved\scripts\definitions\items\nirvana.lua", "Lua", 32, 0, 0, 6, 38
"c:\Program Files (x86)\Steam\steamapps\common\The Binding of Isaac Rebirth\mods\GodmodeAchieved\scripts\definitions\items\nosebleed.lua", "Lua", 38, 0, 0, 7, 45
"c:\Program Files (x86)\Steam\steamapps\common\The Binding of Isaac Rebirth\mods\GodmodeAchieved\scripts\definitions\items\opia.lua", "Lua", 147, 0, 3, 26, 176
"c:\Program Files (x86)\Steam\steamapps\common\The Binding of Isaac Rebirth\mods\GodmodeAchieved\scripts\definitions\items\pair_of_cans.lua", "Lua", 27, 0, 0, 5, 32
"c:\Program Files (x86)\Steam\steamapps\common\The Binding of Isaac Rebirth\mods\GodmodeAchieved\scripts\definitions\items\papal_cross.lua", "Lua", 45, 0, 0, 9, 54
"c:\Program Files (x86)\Steam\steamapps\common\The Binding of Isaac Rebirth\mods\GodmodeAchieved\scripts\definitions\items\papal_cross_holy.lua", "Lua", 43, 0, 0, 8, 51
"c:\Program Files (x86)\Steam\steamapps\common\The Binding of Isaac Rebirth\mods\GodmodeAchieved\scripts\definitions\items\portable_confessional.lua", "Lua", 38, 0, 0, 5, 43
"c:\Program Files (x86)\Steam\steamapps\common\The Binding of Isaac Rebirth\mods\GodmodeAchieved\scripts\definitions\items\prayer_mat.lua", "Lua", 57, 0, 0, 10, 67
"c:\Program Files (x86)\Steam\steamapps\common\The Binding of Isaac Rebirth\mods\GodmodeAchieved\scripts\definitions\items\purity_vessel_0.lua", "Lua", 11, 0, 0, 2, 13
"c:\Program Files (x86)\Steam\steamapps\common\The Binding of Isaac Rebirth\mods\GodmodeAchieved\scripts\definitions\items\purity_vessel_1.lua", "Lua", 15, 0, 0, 4, 19
"c:\Program Files (x86)\Steam\steamapps\common\The Binding of Isaac Rebirth\mods\GodmodeAchieved\scripts\definitions\items\purity_vessel_2.lua", "Lua", 15, 0, 0, 4, 19
"c:\Program Files (x86)\Steam\steamapps\common\The Binding of Isaac Rebirth\mods\GodmodeAchieved\scripts\definitions\items\purity_vessel_base.lua", "Lua", 40, 0, 1, 7, 48
"c:\Program Files (x86)\Steam\steamapps\common\The Binding of Isaac Rebirth\mods\GodmodeAchieved\scripts\definitions\items\quran.lua", "Lua", 35, 0, 0, 9, 44
"c:\Program Files (x86)\Steam\steamapps\common\The Binding of Isaac Rebirth\mods\GodmodeAchieved\scripts\definitions\items\radiance_orb.lua", "Lua", 93, 0, 0, 14, 107
"c:\Program Files (x86)\Steam\steamapps\common\The Binding of Isaac Rebirth\mods\GodmodeAchieved\scripts\definitions\items\reclusive_tendencies.lua", "Lua", 125, 0, 34, 36, 195
"c:\Program Files (x86)\Steam\steamapps\common\The Binding of Isaac Rebirth\mods\GodmodeAchieved\scripts\definitions\items\saint_book.lua", "Lua", 19, 0, 0, 2, 21
"c:\Program Files (x86)\Steam\steamapps\common\The Binding of Isaac Rebirth\mods\GodmodeAchieved\scripts\definitions\items\second_thought.lua", "Lua", 23, 0, 0, 4, 27
"c:\Program Files (x86)\Steam\steamapps\common\The Binding of Isaac Rebirth\mods\GodmodeAchieved\scripts\definitions\items\seraphim_horn.lua", "Lua", 22, 0, 0, 2, 24
"c:\Program Files (x86)\Steam\steamapps\common\The Binding of Isaac Rebirth\mods\GodmodeAchieved\scripts\definitions\items\sharing_caring.lua", "Lua", 43, 0, 2, 8, 53
"c:\Program Files (x86)\Steam\steamapps\common\The Binding of Isaac Rebirth\mods\GodmodeAchieved\scripts\definitions\items\soft_serve.lua", "Lua", 50, 0, 0, 11, 61
"c:\Program Files (x86)\Steam\steamapps\common\The Binding of Isaac Rebirth\mods\GodmodeAchieved\scripts\definitions\items\soul_food.lua", "Lua", 25, 0, 0, 8, 33
"c:\Program Files (x86)\Steam\steamapps\common\The Binding of Isaac Rebirth\mods\GodmodeAchieved\scripts\definitions\items\sugar.lua", "Lua", 53, 0, 0, 7, 60
"c:\Program Files (x86)\Steam\steamapps\common\The Binding of Isaac Rebirth\mods\GodmodeAchieved\scripts\definitions\items\taenia.lua", "Lua", 76, 0, 0, 18, 94
"c:\Program Files (x86)\Steam\steamapps\common\The Binding of Isaac Rebirth\mods\GodmodeAchieved\scripts\definitions\items\tampon.lua", "Lua", 49, 0, 0, 13, 62
"c:\Program Files (x86)\Steam\steamapps\common\The Binding of Isaac Rebirth\mods\GodmodeAchieved\scripts\definitions\items\tecpatl.lua", "Lua", 47, 0, 0, 8, 55
"c:\Program Files (x86)\Steam\steamapps\common\The Binding of Isaac Rebirth\mods\GodmodeAchieved\scripts\definitions\items\template_item_______.lua", "Lua", 46, 0, 0, 0, 46
"c:\Program Files (x86)\Steam\steamapps\common\The Binding of Isaac Rebirth\mods\GodmodeAchieved\scripts\definitions\items\tramp_of_babylon.lua", "Lua", 41, 0, 8, 7, 56
"c:\Program Files (x86)\Steam\steamapps\common\The Binding of Isaac Rebirth\mods\GodmodeAchieved\scripts\definitions\items\transformations\celeste.lua", "Lua", 87, 0, 1, 19, 107
"c:\Program Files (x86)\Steam\steamapps\common\The Binding of Isaac Rebirth\mods\GodmodeAchieved\scripts\definitions\items\transformations\cultist.lua", "Lua", 42, 0, 0, 7, 49
"c:\Program Files (x86)\Steam\steamapps\common\The Binding of Isaac Rebirth\mods\GodmodeAchieved\scripts\definitions\items\transformations\cyborg.lua", "Lua", 68, 0, 0, 9, 77
"c:\Program Files (x86)\Steam\steamapps\common\The Binding of Isaac Rebirth\mods\GodmodeAchieved\scripts\definitions\items\transformations\transform.lua", "Lua", 57, 0, 0, 9, 66
"c:\Program Files (x86)\Steam\steamapps\common\The Binding of Isaac Rebirth\mods\GodmodeAchieved\scripts\definitions\items\trinkets\bobs_tongue.lua", "Lua", 38, 0, 0, 9, 47
"c:\Program Files (x86)\Steam\steamapps\common\The Binding of Isaac Rebirth\mods\GodmodeAchieved\scripts\definitions\items\trinkets\bombshell.lua", "Lua", 35, 0, 0, 5, 40
"c:\Program Files (x86)\Steam\steamapps\common\The Binding of Isaac Rebirth\mods\GodmodeAchieved\scripts\definitions\items\trinkets\cursed_pendant.lua", "Lua", 37, 0, 0, 7, 44
"c:\Program Files (x86)\Steam\steamapps\common\The Binding of Isaac Rebirth\mods\GodmodeAchieved\scripts\definitions\items\trinkets\deep_gesture.lua", "Lua", 40, 0, 0, 5, 45
"c:\Program Files (x86)\Steam\steamapps\common\The Binding of Isaac Rebirth\mods\GodmodeAchieved\scripts\definitions\items\trinkets\godmode.lua", "Lua", 68, 0, 9, 15, 92
"c:\Program Files (x86)\Steam\steamapps\common\The Binding of Isaac Rebirth\mods\GodmodeAchieved\scripts\definitions\items\trinkets\marble_pop.lua", "Lua", 17, 0, 0, 2, 19
"c:\Program Files (x86)\Steam\steamapps\common\The Binding of Isaac Rebirth\mods\GodmodeAchieved\scripts\definitions\items\trinkets\mood_ring_black.lua", "Lua", 21, 0, 0, 3, 24
"c:\Program Files (x86)\Steam\steamapps\common\The Binding of Isaac Rebirth\mods\GodmodeAchieved\scripts\definitions\items\trinkets\mood_ring_blue.lua", "Lua", 63, 0, 0, 7, 70
"c:\Program Files (x86)\Steam\steamapps\common\The Binding of Isaac Rebirth\mods\GodmodeAchieved\scripts\definitions\items\trinkets\mood_ring_red.lua", "Lua", 22, 0, 0, 3, 25
"c:\Program Files (x86)\Steam\steamapps\common\The Binding of Isaac Rebirth\mods\GodmodeAchieved\scripts\definitions\items\trinkets\mood_ring_yellow.lua", "Lua", 22, 0, 0, 3, 25
"c:\Program Files (x86)\Steam\steamapps\common\The Binding of Isaac Rebirth\mods\GodmodeAchieved\scripts\definitions\items\trinkets\moonrock.lua", "Lua", 29, 0, 0, 6, 35
"c:\Program Files (x86)\Steam\steamapps\common\The Binding of Isaac Rebirth\mods\GodmodeAchieved\scripts\definitions\items\trinkets\snack_lock.lua", "Lua", 18, 0, 0, 2, 20
"c:\Program Files (x86)\Steam\steamapps\common\The Binding of Isaac Rebirth\mods\GodmodeAchieved\scripts\definitions\items\trinkets\snapped_cross.lua", "Lua", 48, 0, 1, 5, 54
"c:\Program Files (x86)\Steam\steamapps\common\The Binding of Isaac Rebirth\mods\GodmodeAchieved\scripts\definitions\items\trophy_sword.lua", "Lua", 60, 0, 0, 7, 67
"c:\Program Files (x86)\Steam\steamapps\common\The Binding of Isaac Rebirth\mods\GodmodeAchieved\scripts\definitions\items\uncommon_cough.lua", "Lua", 192, 0, 11, 42, 245
"c:\Program Files (x86)\Steam\steamapps\common\The Binding of Isaac Rebirth\mods\GodmodeAchieved\scripts\definitions\items\vajra.lua", "Lua", 34, 0, 0, 4, 38
"c:\Program Files (x86)\Steam\steamapps\common\The Binding of Isaac Rebirth\mods\GodmodeAchieved\scripts\definitions\items\war_banner.lua", "Lua", 71, 0, 0, 10, 81
"c:\Program Files (x86)\Steam\steamapps\common\The Binding of Isaac Rebirth\mods\GodmodeAchieved\scripts\definitions\items\wings_of_betrayal.lua", "Lua", 57, 0, 0, 12, 69
"c:\Program Files (x86)\Steam\steamapps\common\The Binding of Isaac Rebirth\mods\GodmodeAchieved\scripts\definitions\monsterlist.lua", "Lua", 120, 0, 7, 8, 135
"c:\Program Files (x86)\Steam\steamapps\common\The Binding of Isaac Rebirth\mods\GodmodeAchieved\scripts\definitions\monsters\arch_bishop.lua", "Lua", 215, 0, 0, 29, 244
"c:\Program Files (x86)\Steam\steamapps\common\The Binding of Isaac Rebirth\mods\GodmodeAchieved\scripts\definitions\monsters\barfer.lua", "Lua", 69, 0, 1, 13, 83
"c:\Program Files (x86)\Steam\steamapps\common\The Binding of Isaac Rebirth\mods\GodmodeAchieved\scripts\definitions\monsters\big_dipper.lua", "Lua", 84, 0, 0, 13, 97
"c:\Program Files (x86)\Steam\steamapps\common\The Binding of Isaac Rebirth\mods\GodmodeAchieved\scripts\definitions\monsters\blind.lua", "Lua", 73, 0, 2, 8, 83
"c:\Program Files (x86)\Steam\steamapps\common\The Binding of Isaac Rebirth\mods\GodmodeAchieved\scripts\definitions\monsters\blood_baby.lua", "Lua", 48, 0, 1, 6, 55
"c:\Program Files (x86)\Steam\steamapps\common\The Binding of Isaac Rebirth\mods\GodmodeAchieved\scripts\definitions\monsters\bloody_gabriel.lua", "Lua", 40, 0, 5, 3, 48
"c:\Program Files (x86)\Steam\steamapps\common\The Binding of Isaac Rebirth\mods\GodmodeAchieved\scripts\definitions\monsters\boss\adramolech.lua", "Lua", 26, 0, 4, 2, 32
"c:\Program Files (x86)\Steam\steamapps\common\The Binding of Isaac Rebirth\mods\GodmodeAchieved\scripts\definitions\monsters\boss\bathemo.lua", "Lua", 60, 0, 2, 12, 74
"c:\Program Files (x86)\Steam\steamapps\common\The Binding of Isaac Rebirth\mods\GodmodeAchieved\scripts\definitions\monsters\boss\bathemo_swarm.lua", "Lua", 84, 0, 1, 12, 97
"c:\Program Files (x86)\Steam\steamapps\common\The Binding of Isaac Rebirth\mods\GodmodeAchieved\scripts\definitions\monsters\boss\blasphemous.lua", "Lua", 18, 0, 4, 1, 23
"c:\Program Files (x86)\Steam\steamapps\common\The Binding of Isaac Rebirth\mods\GodmodeAchieved\scripts\definitions\monsters\boss\blightfly.lua", "Lua", 312, 0, 10, 54, 376
"c:\Program Files (x86)\Steam\steamapps\common\The Binding of Isaac Rebirth\mods\GodmodeAchieved\scripts\definitions\monsters\boss\bloody_gabriel.lua", "Lua", 36, 0, 0, 4, 40
"c:\Program Files (x86)\Steam\steamapps\common\The Binding of Isaac Rebirth\mods\GodmodeAchieved\scripts\definitions\monsters\boss\bloody_uriel.lua", "Lua", 33, 0, 1, 4, 38
"c:\Program Files (x86)\Steam\steamapps\common\The Binding of Isaac Rebirth\mods\GodmodeAchieved\scripts\definitions\monsters\boss\bowl_play.lua", "Lua", 212, 0, 2, 47, 261
"c:\Program Files (x86)\Steam\steamapps\common\The Binding of Isaac Rebirth\mods\GodmodeAchieved\scripts\definitions\monsters\boss\brazier.lua", "Lua", 325, 0, 26, 76, 427
"c:\Program Files (x86)\Steam\steamapps\common\The Binding of Isaac Rebirth\mods\GodmodeAchieved\scripts\definitions\monsters\boss\bubbly_plum.lua", "Lua", 436, 0, 13, 95, 544
"c:\Program Files (x86)\Steam\steamapps\common\The Binding of Isaac Rebirth\mods\GodmodeAchieved\scripts\definitions\monsters\boss\bulge_bat.lua", "Lua", 116, 0, 3, 20, 139
"c:\Program Files (x86)\Steam\steamapps\common\The Binding of Isaac Rebirth\mods\GodmodeAchieved\scripts\definitions\monsters\boss\death.lua", "Lua", 80, 0, 8, 13, 101
"c:\Program Files (x86)\Steam\steamapps\common\The Binding of Isaac Rebirth\mods\GodmodeAchieved\scripts\definitions\monsters\boss\death_horse.lua", "Lua", 27, 0, 1, 3, 31
"c:\Program Files (x86)\Steam\steamapps\common\The Binding of Isaac Rebirth\mods\GodmodeAchieved\scripts\definitions\monsters\boss\death_no_horse.lua", "Lua", 15, 0, 2, 4, 21
"c:\Program Files (x86)\Steam\steamapps\common\The Binding of Isaac Rebirth\mods\GodmodeAchieved\scripts\definitions\monsters\boss\famine.lua", "Lua", 99, 0, 4, 18, 121
"c:\Program Files (x86)\Steam\steamapps\common\The Binding of Isaac Rebirth\mods\GodmodeAchieved\scripts\definitions\monsters\boss\furnace_guard.lua", "Lua", 76, 0, 0, 15, 91
"c:\Program Files (x86)\Steam\steamapps\common\The Binding of Isaac Rebirth\mods\GodmodeAchieved\scripts\definitions\monsters\boss\grand_marshall.lua", "Lua", 364, 0, 1, 38, 403
"c:\Program Files (x86)\Steam\steamapps\common\The Binding of Isaac Rebirth\mods\GodmodeAchieved\scripts\definitions\monsters\boss\hostess.lua", "Lua", 366, 0, 0, 49, 415
"c:\Program Files (x86)\Steam\steamapps\common\The Binding of Isaac Rebirth\mods\GodmodeAchieved\scripts\definitions\monsters\boss\it_breathes.lua", "Lua", 161, 0, 3, 17, 181
"c:\Program Files (x86)\Steam\steamapps\common\The Binding of Isaac Rebirth\mods\GodmodeAchieved\scripts\definitions\monsters\boss\lucifer.lua", "Lua", 250, 0, 9, 27, 286
"c:\Program Files (x86)\Steam\steamapps\common\The Binding of Isaac Rebirth\mods\GodmodeAchieved\scripts\definitions\monsters\boss\lucifer_nohealth.lua", "Lua", 5, 0, 0, 0, 5
"c:\Program Files (x86)\Steam\steamapps\common\The Binding of Isaac Rebirth\mods\GodmodeAchieved\scripts\definitions\monsters\boss\ludomaw.lua", "Lua", 97, 0, 12, 17, 126
"c:\Program Files (x86)\Steam\steamapps\common\The Binding of Isaac Rebirth\mods\GodmodeAchieved\scripts\definitions\monsters\boss\megaworm.lua", "Lua", 172, 0, 9, 29, 210
"c:\Program Files (x86)\Steam\steamapps\common\The Binding of Isaac Rebirth\mods\GodmodeAchieved\scripts\definitions\monsters\boss\mimic_worm.lua", "Lua", 188, 0, 4, 39, 231
"c:\Program Files (x86)\Steam\steamapps\common\The Binding of Isaac Rebirth\mods\GodmodeAchieved\scripts\definitions\monsters\boss\outbreak.lua", "Lua", 257, 0, 11, 49, 317
"c:\Program Files (x86)\Steam\steamapps\common\The Binding of Isaac Rebirth\mods\GodmodeAchieved\scripts\definitions\monsters\boss\sacred_body.lua", "Lua", 163, 0, 0, 20, 183
"c:\Program Files (x86)\Steam\steamapps\common\The Binding of Isaac Rebirth\mods\GodmodeAchieved\scripts\definitions\monsters\boss\sacred_mind.lua", "Lua", 243, 0, 3, 32, 278
"c:\Program Files (x86)\Steam\steamapps\common\The Binding of Isaac Rebirth\mods\GodmodeAchieved\scripts\definitions\monsters\boss\sacred_soul.lua", "Lua", 175, 0, 1, 28, 204
"c:\Program Files (x86)\Steam\steamapps\common\The Binding of Isaac Rebirth\mods\GodmodeAchieved\scripts\definitions\monsters\boss\skeleton_angel.lua", "Lua", 511, 0, 75, 68, 654
"c:\Program Files (x86)\Steam\steamapps\common\The Binding of Isaac Rebirth\mods\GodmodeAchieved\scripts\definitions\monsters\boss\skeleton_soul.lua", "Lua", 272, 0, 12, 54, 338
"c:\Program Files (x86)\Steam\steamapps\common\The Binding of Isaac Rebirth\mods\GodmodeAchieved\scripts\definitions\monsters\boss\souleater.lua", "Lua", 198, 0, 1, 32, 231
"c:\Program Files (x86)\Steam\steamapps\common\The Binding of Isaac Rebirth\mods\GodmodeAchieved\scripts\definitions\monsters\boss\the_ritual.lua", "Lua", 460, 0, 15, 48, 523
"c:\Program Files (x86)\Steam\steamapps\common\The Binding of Isaac Rebirth\mods\GodmodeAchieved\scripts\definitions\monsters\boss\the_sunken.lua", "Lua", 126, 0, 1, 13, 140
"c:\Program Files (x86)\Steam\steamapps\common\The Binding of Isaac Rebirth\mods\GodmodeAchieved\scripts\definitions\monsters\boss\war.lua", "Lua", 86, 0, 11, 19, 116
"c:\Program Files (x86)\Steam\steamapps\common\The Binding of Isaac Rebirth\mods\GodmodeAchieved\scripts\definitions\monsters\boss\war_no_horse.lua", "Lua", 12, 0, 1, 2, 15
"c:\Program Files (x86)\Steam\steamapps\common\The Binding of Isaac Rebirth\mods\GodmodeAchieved\scripts\definitions\monsters\callen_skull.lua", "Lua", 87, 0, 1, 18, 106
"c:\Program Files (x86)\Steam\steamapps\common\The Binding of Isaac Rebirth\mods\GodmodeAchieved\scripts\definitions\monsters\chanter.lua", "Lua", 53, 0, 0, 9, 62
"c:\Program Files (x86)\Steam\steamapps\common\The Binding of Isaac Rebirth\mods\GodmodeAchieved\scripts\definitions\monsters\cluster.lua", "Lua", 41, 0, 1, 8, 50
"c:\Program Files (x86)\Steam\steamapps\common\The Binding of Isaac Rebirth\mods\GodmodeAchieved\scripts\definitions\monsters\delirious_pile.lua", "Lua", 108, 0, 24, 30, 162
"c:\Program Files (x86)\Steam\steamapps\common\The Binding of Isaac Rebirth\mods\GodmodeAchieved\scripts\definitions\monsters\devil_lock.lua", "Lua", 9, 0, 4, 2, 15
"c:\Program Files (x86)\Steam\steamapps\common\The Binding of Isaac Rebirth\mods\GodmodeAchieved\scripts\definitions\monsters\dial.lua", "Lua", 42, 0, 6, 7, 55
"c:\Program Files (x86)\Steam\steamapps\common\The Binding of Isaac Rebirth\mods\GodmodeAchieved\scripts\definitions\monsters\dream.lua", "Lua", 63, 0, 1, 13, 77
"c:\Program Files (x86)\Steam\steamapps\common\The Binding of Isaac Rebirth\mods\GodmodeAchieved\scripts\definitions\monsters\drifter.lua", "Lua", 47, 0, 0, 12, 59
"c:\Program Files (x86)\Steam\steamapps\common\The Binding of Isaac Rebirth\mods\GodmodeAchieved\scripts\definitions\monsters\effect\adra_charge.lua", "Lua", 103, 0, 1, 20, 124
"c:\Program Files (x86)\Steam\steamapps\common\The Binding of Isaac Rebirth\mods\GodmodeAchieved\scripts\definitions\monsters\effect\bone_shield.lua", "Lua", 41, 0, 0, 8, 49
"c:\Program Files (x86)\Steam\steamapps\common\The Binding of Isaac Rebirth\mods\GodmodeAchieved\scripts\definitions\monsters\effect\call_of_the_void.lua", "Lua", 217, 0, 1, 46, 264
"c:\Program Files (x86)\Steam\steamapps\common\The Binding of Isaac Rebirth\mods\GodmodeAchieved\scripts\definitions\monsters\effect\cat_swipe.lua", "Lua", 21, 0, 0, 6, 27
"c:\Program Files (x86)\Steam\steamapps\common\The Binding of Isaac Rebirth\mods\GodmodeAchieved\scripts\definitions\monsters\effect\crack_sky_with_tell.lua", "Lua", 32, 0, 2, 7, 41
"c:\Program Files (x86)\Steam\steamapps\common\The Binding of Isaac Rebirth\mods\GodmodeAchieved\scripts\definitions\monsters\effect\door_hazard.lua", "Lua", 219, 0, 9, 29, 257
"c:\Program Files (x86)\Steam\steamapps\common\The Binding of Isaac Rebirth\mods\GodmodeAchieved\scripts\definitions\monsters\effect\fallen_light_crack.lua", "Lua", 24, 0, 1, 7, 32
"c:\Program Files (x86)\Steam\steamapps\common\The Binding of Isaac Rebirth\mods\GodmodeAchieved\scripts\definitions\monsters\effect\furnace_bubble.lua", "Lua", 34, 0, 4, 2, 40
"c:\Program Files (x86)\Steam\steamapps\common\The Binding of Isaac Rebirth\mods\GodmodeAchieved\scripts\definitions\monsters\effect\gold_scale.lua", "Lua", 17, 0, 0, 5, 22
"c:\Program Files (x86)\Steam\steamapps\common\The Binding of Isaac Rebirth\mods\GodmodeAchieved\scripts\definitions\monsters\effect\holy_order.lua", "Lua", 60, 0, 1, 12, 73
"c:\Program Files (x86)\Steam\steamapps\common\The Binding of Isaac Rebirth\mods\GodmodeAchieved\scripts\definitions\monsters\effect\ivory_portal.lua", "Lua", 38, 0, 0, 5, 43
"c:\Program Files (x86)\Steam\steamapps\common\The Binding of Isaac Rebirth\mods\GodmodeAchieved\scripts\definitions\monsters\effect\marketman.lua", "Lua", 33, 0, 0, 7, 40
"c:\Program Files (x86)\Steam\steamapps\common\The Binding of Isaac Rebirth\mods\GodmodeAchieved\scripts\definitions\monsters\effect\observatory_fx.lua", "Lua", 57, 0, 1, 13, 71
"c:\Program Files (x86)\Steam\steamapps\common\The Binding of Isaac Rebirth\mods\GodmodeAchieved\scripts\definitions\monsters\effect\papal_flame.lua", "Lua", 74, 0, 0, 16, 90
"c:\Program Files (x86)\Steam\steamapps\common\The Binding of Isaac Rebirth\mods\GodmodeAchieved\scripts\definitions\monsters\effect\player_trail.lua", "Lua", 56, 0, 0, 14, 70
"c:\Program Files (x86)\Steam\steamapps\common\The Binding of Isaac Rebirth\mods\GodmodeAchieved\scripts\definitions\monsters\effect\shatter_coin.lua", "Lua", 25, 0, 0, 7, 32
"c:\Program Files (x86)\Steam\steamapps\common\The Binding of Isaac Rebirth\mods\GodmodeAchieved\scripts\definitions\monsters\effect\sign_flame.lua", "Lua", 21, 0, 1, 7, 29
"c:\Program Files (x86)\Steam\steamapps\common\The Binding of Isaac Rebirth\mods\GodmodeAchieved\scripts\definitions\monsters\effect\soft_serve_puddle.lua", "Lua", 180, 0, 1, 27, 208
"c:\Program Files (x86)\Steam\steamapps\common\The Binding of Isaac Rebirth\mods\GodmodeAchieved\scripts\definitions\monsters\effect\unholy_order.lua", "Lua", 66, 0, 2, 14, 82
"c:\Program Files (x86)\Steam\steamapps\common\The Binding of Isaac Rebirth\mods\GodmodeAchieved\scripts\definitions\monsters\effect\war_banner.lua", "Lua", 80, 0, 0, 16, 96
"c:\Program Files (x86)\Steam\steamapps\common\The Binding of Isaac Rebirth\mods\GodmodeAchieved\scripts\definitions\monsters\fallen_angel.lua", "Lua", 29, 0, 1, 3, 33
"c:\Program Files (x86)\Steam\steamapps\common\The Binding of Isaac Rebirth\mods\GodmodeAchieved\scripts\definitions\monsters\familiar\burnt_page.lua", "Lua", 20, 0, 0, 3, 23
"c:\Program Files (x86)\Steam\steamapps\common\The Binding of Isaac Rebirth\mods\GodmodeAchieved\scripts\definitions\monsters\familiar\chigger.lua", "Lua", 54, 0, 0, 11, 65
"c:\Program Files (x86)\Steam\steamapps\common\The Binding of Isaac Rebirth\mods\GodmodeAchieved\scripts\definitions\monsters\familiar\diya.lua", "Lua", 54, 0, 0, 12, 66
"c:\Program Files (x86)\Steam\steamapps\common\The Binding of Isaac Rebirth\mods\GodmodeAchieved\scripts\definitions\monsters\familiar\fallen_guard.lua", "Lua", 45, 0, 0, 8, 53
"c:\Program Files (x86)\Steam\steamapps\common\The Binding of Isaac Rebirth\mods\GodmodeAchieved\scripts\definitions\monsters\familiar\fruit_fly.lua", "Lua", 44, 0, 0, 10, 54
"c:\Program Files (x86)\Steam\steamapps\common\The Binding of Isaac Rebirth\mods\GodmodeAchieved\scripts\definitions\monsters\familiar\holy_chalice.lua", "Lua", 19, 0, 0, 2, 21
"c:\Program Files (x86)\Steam\steamapps\common\The Binding of Isaac Rebirth\mods\GodmodeAchieved\scripts\definitions\monsters\familiar\hush_cannon.lua", "Lua", 66, 0, 1, 13, 80
"c:\Program Files (x86)\Steam\steamapps\common\The Binding of Isaac Rebirth\mods\GodmodeAchieved\scripts\definitions\monsters\familiar\late_delivery.lua", "Lua", 36, 0, 0, 8, 44
"c:\Program Files (x86)\Steam\steamapps\common\The Binding of Isaac Rebirth\mods\GodmodeAchieved\scripts\definitions\monsters\familiar\pair_of_cans.lua", "Lua", 36, 0, 1, 8, 45
"c:\Program Files (x86)\Steam\steamapps\common\The Binding of Isaac Rebirth\mods\GodmodeAchieved\scripts\definitions\monsters\familiar\ritual_candle.lua", "Lua", 45, 0, 0, 11, 56
"c:\Program Files (x86)\Steam\steamapps\common\The Binding of Isaac Rebirth\mods\GodmodeAchieved\scripts\definitions\monsters\familiar\shop_parrot.lua", "Lua", 130, 0, 0, 23, 153
"c:\Program Files (x86)\Steam\steamapps\common\The Binding of Isaac Rebirth\mods\GodmodeAchieved\scripts\definitions\monsters\fetal_baby.lua", "Lua", 37, 0, 0, 7, 44
"c:\Program Files (x86)\Steam\steamapps\common\The Binding of Isaac Rebirth\mods\GodmodeAchieved\scripts\definitions\monsters\gatekeeper.lua", "Lua", 134, 0, 1, 24, 159
"c:\Program Files (x86)\Steam\steamapps\common\The Binding of Isaac Rebirth\mods\GodmodeAchieved\scripts\definitions\monsters\godleg.lua", "Lua", 60, 0, 1, 13, 74
"c:\Program Files (x86)\Steam\steamapps\common\The Binding of Isaac Rebirth\mods\GodmodeAchieved\scripts\definitions\monsters\grub.lua", "Lua", 39, 0, 2, 12, 53
"c:\Program Files (x86)\Steam\steamapps\common\The Binding of Isaac Rebirth\mods\GodmodeAchieved\scripts\definitions\monsters\guard_of_the_father.lua", "Lua", 44, 0, 1, 9, 54
"c:\Program Files (x86)\Steam\steamapps\common\The Binding of Isaac Rebirth\mods\GodmodeAchieved\scripts\definitions\monsters\guarded.lua", "Lua", 81, 0, 2, 15, 98
"c:\Program Files (x86)\Steam\steamapps\common\The Binding of Isaac Rebirth\mods\GodmodeAchieved\scripts\definitions\monsters\harf.lua", "Lua", 34, 0, 1, 8, 43
"c:\Program Files (x86)\Steam\steamapps\common\The Binding of Isaac Rebirth\mods\GodmodeAchieved\scripts\definitions\monsters\hexstar.lua", "Lua", 28, 0, 1, 2, 31
"c:\Program Files (x86)\Steam\steamapps\common\The Binding of Isaac Rebirth\mods\GodmodeAchieved\scripts\definitions\monsters\hover.lua", "Lua", 57, 0, 0, 11, 68
"c:\Program Files (x86)\Steam\steamapps\common\The Binding of Isaac Rebirth\mods\GodmodeAchieved\scripts\definitions\monsters\infested_membrain.lua", "Lua", 63, 0, 1, 8, 72
"c:\Program Files (x86)\Steam\steamapps\common\The Binding of Isaac Rebirth\mods\GodmodeAchieved\scripts\definitions\monsters\ludomini.lua", "Lua", 33, 0, 0, 4, 37
"c:\Program Files (x86)\Steam\steamapps\common\The Binding of Isaac Rebirth\mods\GodmodeAchieved\scripts\definitions\monsters\machine\bomb_barrel.lua", "Lua", 35, 0, 1, 8, 44
"c:\Program Files (x86)\Steam\steamapps\common\The Binding of Isaac Rebirth\mods\GodmodeAchieved\scripts\definitions\monsters\machine\dynamite_rock.lua", "Lua", 24, 0, 0, 6, 30
"c:\Program Files (x86)\Steam\steamapps\common\The Binding of Isaac Rebirth\mods\GodmodeAchieved\scripts\definitions\monsters\machine\elohim_throne.lua", "Lua", 47, 0, 8, 9, 64
"c:\Program Files (x86)\Steam\steamapps\common\The Binding of Isaac Rebirth\mods\GodmodeAchieved\scripts\definitions\monsters\machine\ivory_palace_decorator.lua", "Lua", 85, 0, 3, 6, 94
"c:\Program Files (x86)\Steam\steamapps\common\The Binding of Isaac Rebirth\mods\GodmodeAchieved\scripts\definitions\monsters\machine\mask_statue.lua", "Lua", 113, 0, 0, 17, 130
"c:\Program Files (x86)\Steam\steamapps\common\The Binding of Isaac Rebirth\mods\GodmodeAchieved\scripts\definitions\monsters\machine\ooze_turret.lua", "Lua", 35, 0, 5, 6, 46
"c:\Program Files (x86)\Steam\steamapps\common\The Binding of Isaac Rebirth\mods\GodmodeAchieved\scripts\definitions\monsters\machine\palace_mural.lua", "Lua", 29, 0, 0, 5, 34
"c:\Program Files (x86)\Steam\steamapps\common\The Binding of Isaac Rebirth\mods\GodmodeAchieved\scripts\definitions\monsters\machine\pill_beggar.lua", "Lua", 71, 0, 2, 15, 88
"c:\Program Files (x86)\Steam\steamapps\common\The Binding of Isaac Rebirth\mods\GodmodeAchieved\scripts\definitions\monsters\machine\secret_pedestal.lua", "Lua", 89, 0, 5, 15, 109
"c:\Program Files (x86)\Steam\steamapps\common\The Binding of Isaac Rebirth\mods\GodmodeAchieved\scripts\definitions\monsters\machine\trap_turret.lua", "Lua", 85, 0, 1, 16, 102
"c:\Program Files (x86)\Steam\steamapps\common\The Binding of Isaac Rebirth\mods\GodmodeAchieved\scripts\definitions\monsters\marshall_pawn.lua", "Lua", 80, 0, 1, 9, 90
"c:\Program Files (x86)\Steam\steamapps\common\The Binding of Isaac Rebirth\mods\GodmodeAchieved\scripts\definitions\monsters\mum.lua", "Lua", 20, 0, 0, 4, 24
"c:\Program Files (x86)\Steam\steamapps\common\The Binding of Isaac Rebirth\mods\GodmodeAchieved\scripts\definitions\monsters\nerve_cluster.lua", "Lua", 33, 0, 0, 9, 42
"c:\Program Files (x86)\Steam\steamapps\common\The Binding of Isaac Rebirth\mods\GodmodeAchieved\scripts\definitions\monsters\paracolony.lua", "Lua", 36, 0, 0, 7, 43
"c:\Program Files (x86)\Steam\steamapps\common\The Binding of Isaac Rebirth\mods\GodmodeAchieved\scripts\definitions\monsters\pickup\fatal_attraction.lua", "Lua", 105, 0, 15, 23, 143
"c:\Program Files (x86)\Steam\steamapps\common\The Binding of Isaac Rebirth\mods\GodmodeAchieved\scripts\definitions\monsters\pickup\fruit.lua", "Lua", 99, 0, 28, 22, 149
"c:\Program Files (x86)\Steam\steamapps\common\The Binding of Isaac Rebirth\mods\GodmodeAchieved\scripts\definitions\monsters\pickup\heart_container.lua", "Lua", 51, 0, 10, 12, 73
"c:\Program Files (x86)\Steam\steamapps\common\The Binding of Isaac Rebirth\mods\GodmodeAchieved\scripts\definitions\monsters\pickup\red_coin.lua", "Lua", 47, 0, 8, 10, 65
"c:\Program Files (x86)\Steam\steamapps\common\The Binding of Isaac Rebirth\mods\GodmodeAchieved\scripts\definitions\monsters\pickup\secret_light.lua", "Lua", 35, 0, 14, 14, 63
"c:\Program Files (x86)\Steam\steamapps\common\The Binding of Isaac Rebirth\mods\GodmodeAchieved\scripts\definitions\monsters\planter.lua", "Lua", 32, 0, 0, 7, 39
"c:\Program Files (x86)\Steam\steamapps\common\The Binding of Isaac Rebirth\mods\GodmodeAchieved\scripts\definitions\monsters\purple_mask.lua", "Lua", 87, 0, 0, 12, 99
"c:\Program Files (x86)\Steam\steamapps\common\The Binding of Isaac Rebirth\mods\GodmodeAchieved\scripts\definitions\monsters\queen_fly.lua", "Lua", 69, 0, 0, 12, 81
"c:\Program Files (x86)\Steam\steamapps\common\The Binding of Isaac Rebirth\mods\GodmodeAchieved\scripts\definitions\monsters\ratty.lua", "Lua", 131, 0, 6, 24, 161
"c:\Program Files (x86)\Steam\steamapps\common\The Binding of Isaac Rebirth\mods\GodmodeAchieved\scripts\definitions\monsters\shade.lua", "Lua", 28, 0, 0, 7, 35
"c:\Program Files (x86)\Steam\steamapps\common\The Binding of Isaac Rebirth\mods\GodmodeAchieved\scripts\definitions\monsters\silent.lua", "Lua", 49, 0, 2, 6, 57
"c:\Program Files (x86)\Steam\steamapps\common\The Binding of Isaac Rebirth\mods\GodmodeAchieved\scripts\definitions\monsters\smasher.lua", "Lua", 63, 0, 1, 9, 73
"c:\Program Files (x86)\Steam\steamapps\common\The Binding of Isaac Rebirth\mods\GodmodeAchieved\scripts\definitions\monsters\super_flesh_host.lua", "Lua", 36, 0, 0, 5, 41
"c:\Program Files (x86)\Steam\steamapps\common\The Binding of Isaac Rebirth\mods\GodmodeAchieved\scripts\definitions\monsters\super_host.lua", "Lua", 77, 0, 0, 15, 92
"c:\Program Files (x86)\Steam\steamapps\common\The Binding of Isaac Rebirth\mods\GodmodeAchieved\scripts\definitions\monsters\teether.lua", "Lua", 44, 0, 4, 10, 58
"c:\Program Files (x86)\Steam\steamapps\common\The Binding of Isaac Rebirth\mods\GodmodeAchieved\scripts\definitions\monsters\template_monster_______.lua", "Lua", 14, 0, 0, 3, 17
"c:\Program Files (x86)\Steam\steamapps\common\The Binding of Isaac Rebirth\mods\GodmodeAchieved\scripts\definitions\monsters\the_id.lua", "Lua", 28, 0, 0, 5, 33
"c:\Program Files (x86)\Steam\steamapps\common\The Binding of Isaac Rebirth\mods\GodmodeAchieved\scripts\definitions\monsters\trailer.lua", "Lua", 73, 0, 0, 14, 87
"c:\Program Files (x86)\Steam\steamapps\common\The Binding of Isaac Rebirth\mods\GodmodeAchieved\scripts\definitions\monsters\tweaks\mimic.lua", "Lua", 32, 0, 1, 9, 42
"c:\Program Files (x86)\Steam\steamapps\common\The Binding of Isaac Rebirth\mods\GodmodeAchieved\scripts\definitions\monsters\vengeance.lua", "Lua", 203, 0, 8, 40, 251
"c:\Program Files (x86)\Steam\steamapps\common\The Binding of Isaac Rebirth\mods\GodmodeAchieved\scripts\definitions\monsters\winged_spider.lua", "Lua", 98, 0, 9, 20, 127
"c:\Program Files (x86)\Steam\steamapps\common\The Binding of Isaac Rebirth\mods\GodmodeAchieved\scripts\definitions\monsters\wrinkly_fatty.lua", "Lua", 47, 0, 1, 8, 56
"c:\Program Files (x86)\Steam\steamapps\common\The Binding of Isaac Rebirth\mods\GodmodeAchieved\scripts\definitions\players.lua", "Lua", 810, 0, 27, 58, 895
"c:\Program Files (x86)\Steam\steamapps\common\The Binding of Isaac Rebirth\mods\GodmodeAchieved\scripts\definitions\roomlist.lua", "Lua", 19, 0, 0, 3, 22
"c:\Program Files (x86)\Steam\steamapps\common\The Binding of Isaac Rebirth\mods\GodmodeAchieved\scripts\definitions\sounds.lua", "Lua", 12, 0, 0, 0, 12
"c:\Program Files (x86)\Steam\steamapps\common\The Binding of Isaac Rebirth\mods\GodmodeAchieved\scripts\definitions\special_items.lua", "Lua", 44, 0, 0, 9, 53
"c:\Program Files (x86)\Steam\steamapps\common\The Binding of Isaac Rebirth\mods\GodmodeAchieved\scripts\definitions\stages\customgrid\barrel.lua", "Lua", 7, 0, 0, 3, 10
"c:\Program Files (x86)\Steam\steamapps\common\The Binding of Isaac Rebirth\mods\GodmodeAchieved\scripts\definitions\stages\fruit_cellar.lua", "Lua", 164, 0, 10, 23, 197
"c:\Program Files (x86)\Steam\steamapps\common\The Binding of Isaac Rebirth\mods\GodmodeAchieved\scripts\definitions\stages\fruit_cellar_two.lua", "Lua", 24, 0, 1, 2, 27
"c:\Program Files (x86)\Steam\steamapps\common\The Binding of Isaac Rebirth\mods\GodmodeAchieved\scripts\definitions\stages\intestines.lua", "Lua", 178, 0, 1, 25, 204
"c:\Program Files (x86)\Steam\steamapps\common\The Binding of Isaac Rebirth\mods\GodmodeAchieved\scripts\definitions\stages\intestines_two.lua", "Lua", 29, 0, 0, 8, 37
"c:\Program Files (x86)\Steam\steamapps\common\The Binding of Isaac Rebirth\mods\GodmodeAchieved\scripts\definitions\stages\l_palace.lua", "Lua", 156, 0, 2, 31, 189
"c:\Program Files (x86)\Steam\steamapps\common\The Binding of Isaac Rebirth\mods\GodmodeAchieved\scripts\definitions\stages\nest.lua", "Lua", 112, 0, 0, 16, 128
"c:\Program Files (x86)\Steam\steamapps\common\The Binding of Isaac Rebirth\mods\GodmodeAchieved\scripts\definitions\stages\nest_two.lua", "Lua", 27, 0, 0, 8, 35
"c:\Program Files (x86)\Steam\steamapps\common\The Binding of Isaac Rebirth\mods\GodmodeAchieved\scripts\godhook_converter.lua", "Lua", 1111, 0, 9, 71, 1191
"c:\Program Files (x86)\Steam\steamapps\common\The Binding of Isaac Rebirth\mods\GodmodeAchieved\scripts\mod_integration.lua", "Lua", 1134, 0, 92, 381, 1607
"c:\Program Files (x86)\Steam\steamapps\common\The Binding of Isaac Rebirth\mods\GodmodeAchieved\scripts\room_override.lua", "Lua", 115, 0, 33, 19, 167
"c:\Program Files (x86)\Steam\steamapps\common\The Binding of Isaac Rebirth\mods\GodmodeAchieved\scripts\room_overrides\bathemo.lua", "Lua", 235, 0, 0, 1, 236
"c:\Program Files (x86)\Steam\steamapps\common\The Binding of Isaac Rebirth\mods\GodmodeAchieved\scripts\room_overrides\bathemo.xml", "XML", 0, 235, 0, 1, 236
"c:\Program Files (x86)\Steam\steamapps\common\The Binding of Isaac Rebirth\mods\GodmodeAchieved\scripts\room_overrides\blightfly.lua", "Lua", 273, 0, 0, 1, 274
"c:\Program Files (x86)\Steam\steamapps\common\The Binding of Isaac Rebirth\mods\GodmodeAchieved\scripts\room_overrides\blightfly.xml", "XML", 0, 273, 0, 1, 274
"c:\Program Files (x86)\Steam\steamapps\common\The Binding of Isaac Rebirth\mods\GodmodeAchieved\scripts\room_overrides\brazier.lua", "Lua", 72, 0, 0, 1, 73
"c:\Program Files (x86)\Steam\steamapps\common\The Binding of Isaac Rebirth\mods\GodmodeAchieved\scripts\room_overrides\brazier.xml", "XML", 0, 72, 0, 1, 73
"c:\Program Files (x86)\Steam\steamapps\common\The Binding of Isaac Rebirth\mods\GodmodeAchieved\scripts\room_overrides\bubble_plum.lua", "Lua", 135, 0, 0, 1, 136
"c:\Program Files (x86)\Steam\steamapps\common\The Binding of Isaac Rebirth\mods\GodmodeAchieved\scripts\room_overrides\bubble_plum.xml", "XML", 0, 135, 0, 1, 136
"c:\Program Files (x86)\Steam\steamapps\common\The Binding of Isaac Rebirth\mods\GodmodeAchieved\scripts\room_overrides\first_treasure.lua", "Lua", 13117, 0, 0, 1, 13118
"c:\Program Files (x86)\Steam\steamapps\common\The Binding of Isaac Rebirth\mods\GodmodeAchieved\scripts\room_overrides\first_treasure.xml", "XML", 0, 13117, 0, 1, 13118
"c:\Program Files (x86)\Steam\steamapps\common\The Binding of Isaac Rebirth\mods\GodmodeAchieved\scripts\room_overrides\grand_marshall.lua", "Lua", 12, 0, 0, 1, 13
"c:\Program Files (x86)\Steam\steamapps\common\The Binding of Isaac Rebirth\mods\GodmodeAchieved\scripts\room_overrides\grand_marshall.xml", "XML", 0, 12, 0, 1, 13
"c:\Program Files (x86)\Steam\steamapps\common\The Binding of Isaac Rebirth\mods\GodmodeAchieved\scripts\room_overrides\hostess.lua", "Lua", 280, 0, 0, 1, 281
"c:\Program Files (x86)\Steam\steamapps\common\The Binding of Isaac Rebirth\mods\GodmodeAchieved\scripts\room_overrides\hostess.xml", "XML", 0, 280, 0, 1, 281
"c:\Program Files (x86)\Steam\steamapps\common\The Binding of Isaac Rebirth\mods\GodmodeAchieved\scripts\room_overrides\ludomaw.lua", "Lua", 375, 0, 0, 1, 376
"c:\Program Files (x86)\Steam\steamapps\common\The Binding of Isaac Rebirth\mods\GodmodeAchieved\scripts\room_overrides\ludomaw.xml", "XML", 0, 375, 0, 1, 376
"c:\Program Files (x86)\Steam\steamapps\common\The Binding of Isaac Rebirth\mods\GodmodeAchieved\scripts\room_overrides\megaworm.lua", "Lua", 666, 0, 0, 1, 667
"c:\Program Files (x86)\Steam\steamapps\common\The Binding of Isaac Rebirth\mods\GodmodeAchieved\scripts\room_overrides\megaworm.xml", "XML", 0, 666, 0, 1, 667
"c:\Program Files (x86)\Steam\steamapps\common\The Binding of Isaac Rebirth\mods\GodmodeAchieved\scripts\room_overrides\souleater.lua", "Lua", 12, 0, 0, 1, 13
"c:\Program Files (x86)\Steam\steamapps\common\The Binding of Isaac Rebirth\mods\GodmodeAchieved\scripts\room_overrides\souleater.xml", "XML", 0, 12, 0, 1, 13
"c:\Program Files (x86)\Steam\steamapps\common\The Binding of Isaac Rebirth\mods\GodmodeAchieved\scripts\room_overrides\the_ritual.lua", "Lua", 12, 0, 0, 1, 13
"c:\Program Files (x86)\Steam\steamapps\common\The Binding of Isaac Rebirth\mods\GodmodeAchieved\scripts\room_overrides\the_ritual.xml", "XML", 0, 12, 0, 1, 13
"c:\Program Files (x86)\Steam\steamapps\common\The Binding of Isaac Rebirth\mods\GodmodeAchieved\scripts\room_overrides\the_sacred.lua", "Lua", 12, 0, 0, 1, 13
"c:\Program Files (x86)\Steam\steamapps\common\The Binding of Isaac Rebirth\mods\GodmodeAchieved\scripts\room_overrides\the_sacred.xml", "XML", 0, 12, 0, 1, 13
"c:\Program Files (x86)\Steam\steamapps\common\The Binding of Isaac Rebirth\mods\GodmodeAchieved\scripts\save_manager.lua", "Lua", 273, 0, 12, 63, 348
"c:\Program Files (x86)\Steam\steamapps\common\The Binding of Isaac Rebirth\mods\GodmodeAchieved\scripts\util.lua", "Lua", 620, 0, 20, 107, 747
"Total", "-", 38234, 15201, 888, 3901, 58224